addr,bank,kind,canonical_addr,canonical_bank,covering_addr,covering_bank,evidence_count,source_flags_hex,source_flags
FFDA,7,standalone,FFDA,7,FFDA,7,1,0x01,control
E122,7,standalone,E122,7,E122,7,1,0x01,control
E1ED,7,standalone,E1ED,7,E1ED,7,1,0x01,control
CE02,7,standalone,CE02,7,CE02,7,124,0x23,control|ptr_scan|xbank
E185,7,standalone,E185,7,E122,7,3,0x03,control|ptr_scan
CF4F,7,standalone,CF4F,7,CF4F,7,5,0x03,control|ptr_scan
CF39,7,standalone,CF39,7,CF39,7,5,0x03,control|ptr_scan
E1EE,7,standalone,E1EE,7,E1EE,7,3,0x03,control|ptr_scan
E157,7,standalone,E157,7,E122,7,3,0x03,control|ptr_scan
E18C,7,standalone,E18C,7,E18C,7,3,0x03,control|ptr_scan
CF65,7,standalone,CF65,7,CF65,7,32,0x03,control|ptr_scan
A670,0,standalone,A670,0,A670,0,16,0x20,xbank
A670,1,standalone,A670,1,A670,1,31,0x24,table_run|xbank
A670,2,standalone,A670,2,A670,2,16,0x20,xbank
A670,3,standalone,A670,3,A670,3,16,0x20,xbank
A670,4,standalone,A670,4,A670,4,16,0x20,xbank
A670,5,standalone,A670,5,A670,5,16,0x20,xbank
A670,6,standalone,A670,6,A670,6,16,0x20,xbank
9E77,0,standalone,9E77,0,9E77,0,5,0x20,xbank
9E77,1,standalone,9E77,1,9E77,1,5,0x20,xbank
9E77,2,standalone,9E77,2,9E77,2,5,0x20,xbank
9E77,3,standalone,9E77,3,9E77,3,5,0x20,xbank
9E77,4,standalone,9E77,4,9E77,4,5,0x20,xbank
9E77,5,standalone,9E77,5,9E77,5,5,0x20,xbank
9E77,6,standalone,9E77,6,9E77,6,5,0x20,xbank
CF69,7,standalone,CF69,7,CF65,7,46,0x03,control|ptr_scan
CF12,7,standalone,CF12,7,CF12,7,8,0x03,control|ptr_scan
CF16,7,standalone,CF16,7,CF16,7,12,0x03,control|ptr_scan
CECF,7,standalone,CECF,7,CECF,7,18,0x03,control|ptr_scan
809B,0,standalone,809B,0,809B,0,35,0x24,table_run|xbank
809B,1,standalone,809B,1,809B,1,27,0x20,xbank
809B,2,standalone,809B,2,809B,2,27,0x20,xbank
809B,3,standalone,809B,3,809B,3,27,0x20,xbank
809B,4,standalone,809B,4,809B,4,27,0x20,xbank
809B,5,standalone,809B,5,809B,5,27,0x20,xbank
809B,6,standalone,809B,6,809B,6,27,0x20,xbank
A37C,0,standalone,A37C,0,A37C,0,21,0x20,xbank
A37C,1,standalone,A37C,1,A37C,1,21,0x20,xbank
A37C,2,standalone,A37C,2,A37C,2,21,0x20,xbank
A37C,3,standalone,A37C,3,A37C,3,21,0x20,xbank
A37C,4,standalone,A37C,4,A37C,4,21,0x20,xbank
A37C,5,standalone,A37C,5,A37C,5,21,0x20,xbank
A37C,6,standalone,A37C,6,A37C,6,21,0x20,xbank
EE2C,7,standalone,EE2C,7,EE2C,7,4,0x03,control|ptr_scan
D0BF,7,standalone,D0BF,7,CF8A,7,8,0x03,control|ptr_scan
CF7F,7,standalone,CF7F,7,CF7F,7,49,0x27,control|ptr_scan|table_run|xbank
CCA8,7,standalone,CCA8,7,CCA8,7,4,0x03,control|ptr_scan
D0F2,7,standalone,D0F2,7,CF8A,7,4,0x03,control|ptr_scan
A723,1,standalone,A723,1,A723,1,7,0x20,xbank
846B,0,standalone,846B,0,846B,0,100,0x24,table_run|xbank
9C02,0,standalone,9C02,0,9C02,0,7,0x24,table_run|xbank
9F5C,0,standalone,9F5C,0,9F5C,0,4,0x24,table_run|xbank
A60E,1,standalone,A60E,1,A60E,1,3,0x20,xbank
A642,1,standalone,A642,1,A642,1,9,0x20,xbank
9EE7,1,standalone,9EE7,1,9EE7,1,3,0x20,xbank
CF23,7,standalone,CF23,7,CF23,7,11,0x27,control|ptr_scan|table_run|xbank
8006,0,standalone,8006,0,8006,0,7,0x20,xbank
8006,1,standalone,8006,1,8006,1,7,0x20,xbank
8006,2,standalone,8006,2,8006,2,7,0x20,xbank
8006,3,standalone,8006,3,8006,3,7,0x20,xbank
8006,4,standalone,8006,4,8006,4,7,0x20,xbank
8006,5,standalone,8006,5,8006,5,7,0x20,xbank
8006,6,standalone,8006,6,8006,6,7,0x20,xbank
80BA,0,standalone,80BA,0,80BA,0,7,0x20,xbank
80BA,1,standalone,80BA,1,80BA,1,7,0x20,xbank
80BA,2,standalone,80BA,2,80BA,2,7,0x20,xbank
80BA,3,standalone,80BA,3,80BA,3,7,0x20,xbank
80BA,4,standalone,80BA,4,80BA,4,7,0x20,xbank
80BA,5,standalone,80BA,5,80BA,5,7,0x20,xbank
80BA,6,standalone,80BA,6,80BA,6,7,0x20,xbank
F6B3,7,standalone,F6B3,7,F6B3,7,7,0x03,control|ptr_scan
E5C0,7,secondary,E449,7,E449,7,32,0x20,xbank
E610,7,secondary,E449,7,E449,7,35,0x20,xbank
E601,7,secondary,E449,7,E449,7,52,0x20,xbank
E600,7,standalone,E600,7,E600,7,48,0x20,xbank
E501,7,secondary,E449,7,E449,7,48,0x20,xbank
E500,7,standalone,E500,7,E500,7,48,0x20,xbank
B1E5,1,standalone,B1E5,1,B1E5,1,24,0x20,xbank
E400,7,standalone,E400,7,E400,7,26,0x20,xbank
B0E5,1,standalone,B0E5,1,B0E5,1,48,0x20,xbank
DC21,7,standalone,DC21,7,CF8A,7,30,0x23,control|ptr_scan|xbank
B0E6,1,standalone,B0E6,1,B0E6,1,24,0x20,xbank
D16E,7,secondary,CF8A,7,CF8A,7,36,0x24,table_run|xbank
8000,0,standalone,8000,0,8000,0,2,0x20,xbank
A381,0,standalone,A381,0,A381,0,2,0x20,xbank
A5D6,1,standalone,A5D6,1,A5D6,1,19,0x24,table_run|xbank
D02A,7,standalone,D02A,7,CF8A,7,5,0x03,control|ptr_scan
CD1F,7,standalone,CD1F,7,CCA8,7,4,0x03,control|ptr_scan
CD38,7,standalone,CD38,7,CD38,7,24,0x03,control|ptr_scan
A6FE,1,standalone,A6FE,1,A6FE,1,1,0x20,xbank
A720,1,standalone,A720,1,A720,1,1,0x20,xbank
806A,0,standalone,806A,0,806A,0,210,0x24,table_run|xbank
E449,7,standalone,E449,7,E449,7,50,0x27,control|ptr_scan|table_run|xbank
EFD1,7,standalone,EFD1,7,EFD1,7,51,0x27,control|ptr_scan|table_run|xbank
920F,0,standalone,920F,0,920F,0,21,0x24,table_run|xbank
84AF,0,standalone,84AF,0,84AF,0,15,0x24,table_run|xbank
A66C,1,standalone,A66C,1,A66C,1,3,0x20,xbank
A56C,1,standalone,A56C,1,A56C,1,19,0x20,xbank
A047,1,standalone,A047,1,A047,1,22,0x20,xbank
A5E8,1,standalone,A5E8,1,A5E8,1,60,0x24,table_run|xbank
A897,1,standalone,A897,1,A897,1,3,0x20,xbank
9EE6,1,standalone,9EE6,1,9EE6,1,3,0x20,xbank
9FB8,1,standalone,9FB8,1,9FB8,1,9,0x20,xbank
A5A8,1,standalone,A5A8,1,A5A8,1,33,0x24,table_run|xbank
9FB0,1,standalone,9FB0,1,9FB0,1,6,0x20,xbank
A023,1,standalone,A023,1,A023,1,5,0x20,xbank
A02D,1,standalone,A02D,1,A02D,1,10,0x20,xbank
800D,0,standalone,800D,0,800D,0,1,0x20,xbank
80A4,0,standalone,80A4,0,80A4,0,2,0x20,xbank
E650,7,secondary,E449,7,E449,7,1,0x20,xbank
80B3,1,standalone,80B3,1,80B3,1,3,0x20,xbank
EDBD,7,standalone,EDBD,7,EDBD,7,316,0x22,ptr_scan|xbank
EDD0,7,secondary,E449,7,E449,7,159,0x22,ptr_scan|xbank
E5D5,7,secondary,E449,7,E449,7,11,0x22,ptr_scan|xbank
859E,0,standalone,859E,0,859E,0,20,0x20,xbank
859E,1,standalone,859E,1,859E,1,20,0x20,xbank
859E,2,standalone,859E,2,859E,2,20,0x20,xbank
859E,3,standalone,859E,3,859E,3,20,0x20,xbank
859E,4,standalone,859E,4,859E,4,20,0x20,xbank
859E,5,standalone,859E,5,859E,5,20,0x20,xbank
859E,6,standalone,859E,6,859E,6,20,0x20,xbank
86F3,0,standalone,86F3,0,86F3,0,19,0x20,xbank
86F3,1,standalone,86F3,1,86F3,1,19,0x20,xbank
86F3,2,standalone,86F3,2,86F3,2,19,0x20,xbank
86F3,3,standalone,86F3,3,86F3,3,19,0x20,xbank
86F3,4,standalone,86F3,4,86F3,4,19,0x20,xbank
86F3,5,standalone,86F3,5,86F3,5,19,0x20,xbank
86F3,6,standalone,86F3,6,86F3,6,19,0x20,xbank
B0DF,1,standalone,B0DF,1,B0DF,1,2,0x20,xbank
DC4E,7,standalone,DC4E,7,CF8A,7,7,0x23,control|ptr_scan|xbank
DC67,7,standalone,DC67,7,CF8A,7,10,0x23,control|ptr_scan|xbank
DC5C,7,standalone,DC5C,7,CF8A,7,10,0x23,control|ptr_scan|xbank
DD36,7,standalone,DD36,7,CF8A,7,10,0x23,control|ptr_scan|xbank
DCD1,7,standalone,DCD1,7,CF8A,7,12,0x23,control|ptr_scan|xbank
DDA2,7,standalone,DDA2,7,CF8A,7,12,0x23,control|ptr_scan|xbank
D2D8,7,standalone,D2D8,7,CF8A,7,14,0x23,control|ptr_scan|xbank
D203,7,standalone,D203,7,CF8A,7,8,0x23,control|ptr_scan|xbank
802B,0,standalone,802B,0,802B,0,50,0x20,xbank
802B,1,standalone,802B,1,802B,1,48,0x20,xbank
802B,2,standalone,802B,2,802B,2,48,0x20,xbank
802B,3,standalone,802B,3,802B,3,48,0x20,xbank
802B,4,standalone,802B,4,802B,4,48,0x20,xbank
802B,5,standalone,802B,5,802B,5,48,0x20,xbank
802B,6,standalone,802B,6,802B,6,48,0x20,xbank
CF8A,7,standalone,CF8A,7,CF8A,7,45,0x03,control|ptr_scan
CDB4,7,standalone,CDB4,7,CDB4,7,12,0x03,control|ptr_scan
A7B9,1,standalone,A7B9,1,A7B9,1,4,0x20,xbank
E51F,7,secondary,E449,7,E449,7,1,0x20,xbank
920E,0,standalone,920E,0,920E,0,1,0x20,xbank
925A,0,standalone,925A,0,925A,0,1,0x20,xbank
92A4,0,standalone,92A4,0,92A4,0,6,0x20,xbank
9286,0,standalone,9286,0,9286,0,2,0x20,xbank
A12B,1,standalone,A12B,1,A12B,1,4,0x20,xbank
A58B,1,standalone,A58B,1,A58B,1,8,0x20,xbank
A598,1,standalone,A598,1,A598,1,4,0x20,xbank
A622,1,standalone,A622,1,A622,1,4,0x20,xbank
A632,1,standalone,A632,1,A632,1,4,0x20,xbank
A97B,1,standalone,A97B,1,A97B,1,16,0x20,xbank
A958,1,standalone,A958,1,A958,1,8,0x20,xbank
A963,1,standalone,A963,1,A963,1,8,0x20,xbank
A5CC,1,standalone,A5CC,1,A5CC,1,12,0x20,xbank
CDF0,7,standalone,CDF0,7,CDF0,7,38,0x27,control|ptr_scan|table_run|xbank
8564,0,standalone,8564,0,8564,0,14,0x24,table_run|xbank
8581,0,standalone,8581,0,8581,0,13,0x24,table_run|xbank
8690,1,standalone,8690,1,8690,1,2,0x20,xbank
8689,1,standalone,8689,1,8689,1,2,0x20,xbank
86AD,1,standalone,86AD,1,86AD,1,3,0x20,xbank
86E0,1,standalone,86E0,1,86E0,1,1,0x20,xbank
DE09,7,standalone,DE09,7,CF8A,7,14,0x23,control|ptr_scan|xbank
E0EE,7,standalone,E0EE,7,E0EE,7,105,0x23,control|ptr_scan|xbank
DCC1,7,standalone,DCC1,7,CF8A,7,26,0x23,control|ptr_scan|xbank
E0D5,7,standalone,E0D5,7,E0D5,7,211,0x23,control|ptr_scan|xbank
DD92,7,standalone,DD92,7,CF8A,7,24,0x23,control|ptr_scan|xbank
DD26,7,standalone,DD26,7,CF8A,7,22,0x23,control|ptr_scan|xbank
DDF9,7,standalone,DDF9,7,CF8A,7,26,0x23,control|ptr_scan|xbank
D202,7,secondary,CF8A,7,CF8A,7,2,0x22,ptr_scan|xbank
D050,7,standalone,D050,7,CF8A,7,78,0x03,control|ptr_scan
CFE0,7,standalone,CFE0,7,CF8A,7,9,0x03,control|ptr_scan
D04F,7,secondary,CF8A,7,CF8A,7,36,0x03,control|ptr_scan
D097,7,standalone,D097,7,CF8A,7,15,0x03,control|ptr_scan
D56E,7,standalone,D56E,7,CF8A,7,23,0x03,control|ptr_scan
8864,0,standalone,8864,0,8864,0,8,0x20,xbank
8864,1,standalone,8864,1,8864,1,7,0x20,xbank
8864,2,standalone,8864,2,8864,2,7,0x20,xbank
8864,3,standalone,8864,3,8864,3,7,0x20,xbank
8864,4,standalone,8864,4,8864,4,7,0x20,xbank
8864,5,standalone,8864,5,8864,5,7,0x20,xbank
8864,6,standalone,8864,6,8864,6,7,0x20,xbank
8840,0,standalone,8840,0,8840,0,28,0x20,xbank
8840,1,standalone,8840,1,8840,1,28,0x20,xbank
8840,2,standalone,8840,2,8840,2,28,0x20,xbank
8840,3,standalone,8840,3,8840,3,28,0x20,xbank
8840,4,standalone,8840,4,8840,4,28,0x20,xbank
8840,5,standalone,8840,5,8840,5,28,0x20,xbank
8840,6,standalone,8840,6,8840,6,28,0x20,xbank
D5C6,7,standalone,D5C6,7,CF8A,7,9,0x03,control|ptr_scan
D916,7,standalone,D916,7,CF8A,7,15,0x03,control|ptr_scan
D8DE,7,standalone,D8DE,7,CF8A,7,16,0x03,control|ptr_scan
806A,1,standalone,806A,1,806A,1,72,0x20,xbank
806A,2,standalone,806A,2,806A,2,72,0x20,xbank
806A,3,standalone,806A,3,806A,3,72,0x20,xbank
806A,4,standalone,806A,4,806A,4,72,0x20,xbank
806A,5,standalone,806A,5,806A,5,72,0x20,xbank
806A,6,standalone,806A,6,806A,6,72,0x20,xbank
F6FF,7,standalone,F6FF,7,F6FF,7,158,0x27,control|ptr_scan|table_run|xbank
A8AD,0,standalone,A8AD,0,A8AD,0,69,0x24,table_run|xbank
A8AD,1,standalone,A8AD,1,A8AD,1,44,0x20,xbank
A8AD,2,standalone,A8AD,2,A8AD,2,44,0x20,xbank
A8AD,3,standalone,A8AD,3,A8AD,3,44,0x20,xbank
A8AD,4,standalone,A8AD,4,A8AD,4,44,0x20,xbank
A8AD,5,standalone,A8AD,5,A8AD,5,44,0x20,xbank
A8AD,6,standalone,A8AD,6,A8AD,6,44,0x20,xbank
A8D8,0,standalone,A8D8,0,A8D8,0,66,0x20,xbank
A8D8,1,standalone,A8D8,1,A8D8,1,61,0x20,xbank
A8D8,2,standalone,A8D8,2,A8D8,2,61,0x20,xbank
A8D8,3,standalone,A8D8,3,A8D8,3,61,0x20,xbank
A8D8,4,standalone,A8D8,4,A8D8,4,61,0x20,xbank
A8D8,5,standalone,A8D8,5,A8D8,5,61,0x20,xbank
A8D8,6,standalone,A8D8,6,A8D8,6,61,0x20,xbank
B601,0,standalone,B601,0,B601,0,21,0x20,xbank
B601,1,standalone,B601,1,B601,1,21,0x20,xbank
B601,2,standalone,B601,2,B601,2,21,0x20,xbank
B601,3,standalone,B601,3,B601,3,21,0x20,xbank
B601,4,standalone,B601,4,B601,4,21,0x20,xbank
B601,5,standalone,B601,5,B601,5,21,0x20,xbank
B601,6,standalone,B601,6,B601,6,21,0x20,xbank
80CB,0,standalone,80CB,0,80CB,0,29,0x20,xbank
80CB,1,standalone,80CB,1,80CB,1,29,0x20,xbank
80CB,2,standalone,80CB,2,80CB,2,29,0x20,xbank
80CB,3,standalone,80CB,3,80CB,3,29,0x20,xbank
80CB,4,standalone,80CB,4,80CB,4,29,0x20,xbank
80CB,5,standalone,80CB,5,80CB,5,29,0x20,xbank
80CB,6,standalone,80CB,6,80CB,6,29,0x20,xbank
D929,7,standalone,D929,7,CF8A,7,11,0x07,control|ptr_scan|table_run
920F,1,standalone,920F,1,920F,1,6,0x20,xbank
920F,2,standalone,920F,2,920F,2,6,0x20,xbank
920F,3,standalone,920F,3,920F,3,6,0x20,xbank
920F,4,standalone,920F,4,920F,4,6,0x20,xbank
920F,5,standalone,920F,5,920F,5,6,0x20,xbank
920F,6,standalone,920F,6,920F,6,6,0x20,xbank
9118,0,standalone,9118,0,9118,0,6,0x20,xbank
9118,1,standalone,9118,1,9118,1,6,0x20,xbank
9118,2,standalone,9118,2,9118,2,6,0x20,xbank
9118,3,standalone,9118,3,9118,3,6,0x20,xbank
9118,4,standalone,9118,4,9118,4,6,0x20,xbank
9118,5,standalone,9118,5,9118,5,6,0x20,xbank
9118,6,standalone,9118,6,9118,6,6,0x20,xbank
BA9B,0,standalone,BA9B,0,BA9B,0,8,0x20,xbank
BA9B,1,standalone,BA9B,1,BA9B,1,8,0x20,xbank
BA9B,2,standalone,BA9B,2,BA9B,2,8,0x20,xbank
BA9B,3,standalone,BA9B,3,BA9B,3,8,0x20,xbank
BA9B,4,standalone,BA9B,4,BA9B,4,8,0x20,xbank
BA9B,5,standalone,BA9B,5,BA9B,5,8,0x20,xbank
BA9B,6,standalone,BA9B,6,BA9B,6,8,0x20,xbank
D9D3,7,standalone,D9D3,7,CF8A,7,8,0x03,control|ptr_scan
BC9C,0,standalone,BC9C,0,BC9C,0,8,0x20,xbank
BC9C,1,standalone,BC9C,1,BC9C,1,8,0x20,xbank
BC9C,2,standalone,BC9C,2,BC9C,2,8,0x20,xbank
BC9C,3,standalone,BC9C,3,BC9C,3,8,0x20,xbank
BC9C,4,standalone,BC9C,4,BC9C,4,8,0x20,xbank
BC9C,5,standalone,BC9C,5,BC9C,5,8,0x20,xbank
BC9C,6,standalone,BC9C,6,BC9C,6,8,0x20,xbank
DA76,7,standalone,DA76,7,CF8A,7,6,0x03,control|ptr_scan
A77D,0,standalone,A77D,0,A77D,0,22,0x24,table_run|xbank
A77D,1,standalone,A77D,1,A77D,1,19,0x20,xbank
A77D,2,standalone,A77D,2,A77D,2,19,0x20,xbank
A77D,3,standalone,A77D,3,A77D,3,19,0x20,xbank
A77D,4,standalone,A77D,4,A77D,4,19,0x20,xbank
A77D,5,standalone,A77D,5,A77D,5,19,0x20,xbank
A77D,6,standalone,A77D,6,A77D,6,19,0x20,xbank
90CE,0,standalone,90CE,0,90CE,0,10,0x20,xbank
90CE,1,standalone,90CE,1,90CE,1,10,0x20,xbank
90CE,2,standalone,90CE,2,90CE,2,10,0x20,xbank
90CE,3,standalone,90CE,3,90CE,3,10,0x20,xbank
90CE,4,standalone,90CE,4,90CE,4,10,0x20,xbank
90CE,5,standalone,90CE,5,90CE,5,10,0x20,xbank
90CE,6,standalone,90CE,6,90CE,6,10,0x20,xbank
AC39,0,standalone,AC39,0,AC39,0,12,0x24,table_run|xbank
AC39,1,standalone,AC39,1,AC39,1,7,0x20,xbank
AC39,2,standalone,AC39,2,AC39,2,7,0x20,xbank
AC39,3,standalone,AC39,3,AC39,3,7,0x20,xbank
AC39,4,standalone,AC39,4,AC39,4,7,0x20,xbank
AC39,5,standalone,AC39,5,AC39,5,7,0x20,xbank
AC39,6,standalone,AC39,6,AC39,6,7,0x20,xbank
DECC,7,standalone,DECC,7,CF8A,7,28,0x03,control|ptr_scan
DF5D,7,standalone,DF5D,7,CF8A,7,34,0x03,control|ptr_scan
DFF0,7,standalone,DFF0,7,CF8A,7,41,0x03,control|ptr_scan
E063,7,standalone,E063,7,E000,7,30,0x03,control|ptr_scan
DE2C,7,standalone,DE2C,7,CF8A,7,6,0x03,control|ptr_scan
DC20,7,secondary,CF8A,7,CF8A,7,6,0x03,control|ptr_scan
DE70,7,standalone,DE70,7,CF8A,7,8,0x03,control|ptr_scan
DEDC,7,standalone,DEDC,7,CF8A,7,9,0x03,control|ptr_scan
DF6D,7,standalone,DF6D,7,CF8A,7,11,0x03,control|ptr_scan
E000,7,standalone,E000,7,CF8A,7,11,0x03,control|ptr_scan
E0AE,7,standalone,E0AE,7,E0AE,7,25,0x03,control|ptr_scan
E112,7,standalone,E112,7,E0EE,7,96,0x03,control|ptr_scan
92CC,0,standalone,92CC,0,92CC,0,1,0x20,xbank
A1D3,1,standalone,A1D3,1,A1D3,1,3,0x20,xbank
A046,1,standalone,A046,1,A046,1,49,0x24,table_run|xbank
A5B1,1,standalone,A5B1,1,A5B1,1,3,0x20,xbank
A1BF,1,standalone,A1BF,1,A1BF,1,3,0x20,xbank
A4D9,1,standalone,A4D9,1,A4D9,1,4,0x20,xbank
A579,1,standalone,A579,1,A579,1,17,0x24,table_run|xbank
A5BA,1,standalone,A5BA,1,A5BA,1,15,0x24,table_run|xbank
A5C3,1,standalone,A5C3,1,A5C3,1,15,0x24,table_run|xbank
BBCB,0,standalone,BBCB,0,BBCB,0,24,0x24,table_run|xbank
866C,1,standalone,866C,1,866C,1,1,0x20,xbank
E100,7,standalone,E100,7,E0EE,7,2,0x03,control|ptr_scan
BBCB,1,standalone,BBCB,1,BBCB,1,7,0x20,xbank
BBCB,2,standalone,BBCB,2,BBCB,2,7,0x20,xbank
BBCB,3,standalone,BBCB,3,BBCB,3,7,0x20,xbank
BBCB,4,standalone,BBCB,4,BBCB,4,7,0x20,xbank
BBCB,5,standalone,BBCB,5,BBCB,5,7,0x20,xbank
BBCB,6,standalone,BBCB,6,BBCB,6,7,0x20,xbank
CFDE,7,standalone,CFDE,7,CFDE,7,10,0x03,control|ptr_scan
87F5,1,standalone,87F5,1,87F5,1,1,0x20,xbank
8825,1,standalone,8825,1,8825,1,1,0x20,xbank
8817,1,standalone,8817,1,8817,1,1,0x20,xbank
FF25,7,standalone,FF25,7,FF25,7,8,0x20,xbank
E598,7,standalone,E598,7,E598,7,8,0x20,xbank
A8F7,0,standalone,A8F7,0,A8F7,0,1,0x20,xbank
BC1D,0,standalone,BC1D,0,BC1D,0,5,0x20,xbank
A7F5,0,standalone,A7F5,0,A7F5,0,6,0x24,table_run|xbank
AA92,0,standalone,AA92,0,AA92,0,3,0x24,table_run|xbank
A915,0,standalone,A915,0,A915,0,5,0x24,table_run|xbank
AAE7,0,standalone,AAE7,0,AAE7,0,5,0x24,table_run|xbank
AA9F,0,standalone,AA9F,0,AA9F,0,5,0x24,table_run|xbank
80EE,0,standalone,80EE,0,80EE,0,3,0x20,xbank
80BB,1,standalone,80BB,1,80BB,1,1,0x20,xbank
9117,0,standalone,9117,0,9117,0,2,0x20,xbank
91C9,0,standalone,91C9,0,91C9,0,8,0x24,table_run|xbank
8939,0,standalone,8939,0,8939,0,12,0x24,table_run|xbank
91AC,0,standalone,91AC,0,91AC,0,1,0x20,xbank
D9D2,7,secondary,CF8A,7,CF8A,7,7,0x03,control|ptr_scan
F750,7,standalone,F750,7,F750,7,7,0x26,ptr_scan|table_run|xbank
A841,0,standalone,A841,0,A841,0,1,0x20,xbank
A865,0,standalone,A865,0,A865,0,1,0x20,xbank
A7A1,0,standalone,A7A1,0,A7A1,0,1,0x20,xbank
A7BC,0,standalone,A7BC,0,A7BC,0,1,0x20,xbank
A7D8,0,standalone,A7D8,0,A7D8,0,1,0x20,xbank
AC58,0,standalone,AC58,0,AC58,0,1,0x20,xbank
E083,7,standalone,E083,7,E083,7,12,0x03,control|ptr_scan
E099,7,standalone,E099,7,E099,7,25,0x03,control|ptr_scan
A241,1,standalone,A241,1,A241,1,6,0x20,xbank
A516,1,standalone,A516,1,A516,1,10,0x24,table_run|xbank
A7C2,1,standalone,A7C2,1,A7C2,1,11,0x24,table_run|xbank
BBC1,0,standalone,BBC1,0,BBC1,0,50,0x24,table_run|xbank
BBDC,0,standalone,BBDC,0,BBDC,0,4,0x20,xbank
BBCA,0,standalone,BBCA,0,BBCA,0,2,0x20,xbank
BC1C,0,standalone,BC1C,0,BC1C,0,1,0x20,xbank
A9A0,0,standalone,A9A0,0,A9A0,0,10,0x24,table_run|xbank
A99D,0,standalone,A99D,0,A99D,0,6,0x24,table_run|xbank
A9A6,0,standalone,A9A6,0,A9A6,0,11,0x24,table_run|xbank
AA33,0,standalone,AA33,0,AA33,0,51,0x24,table_run|xbank
AA30,0,standalone,AA30,0,AA30,0,50,0x24,table_run|xbank
AA39,0,standalone,AA39,0,AA39,0,72,0x24,table_run|xbank
8978,0,standalone,8978,0,8978,0,7,0x20,xbank
A7CA,0,standalone,A7CA,0,A7CA,0,1,0x20,xbank
A357,1,standalone,A357,1,A357,1,3,0x20,xbank
A7DD,1,standalone,A7DD,1,A7DD,1,4,0x20,xbank
A85B,1,standalone,A85B,1,A85B,1,4,0x20,xbank
A860,1,standalone,A860,1,A860,1,6,0x20,xbank
BB9A,0,standalone,BB9A,0,BB9A,0,1,0x20,xbank
BB77,0,standalone,BB77,0,BB77,0,1,0x20,xbank
BB1D,0,standalone,BB1D,0,BB1D,0,1,0x20,xbank
A5DC,1,standalone,A5DC,1,A5DC,1,5,0x24,table_run|xbank
A3F2,1,standalone,A3F2,1,A3F2,1,4,0x24,table_run|xbank
A3D5,1,standalone,A3D5,1,A3D5,1,4,0x24,table_run|xbank
A365,1,standalone,A365,1,A365,1,6,0x24,table_run|xbank
A49D,1,standalone,A49D,1,A49D,1,7,0x24,table_run|xbank
A4CD,1,standalone,A4CD,1,A4CD,1,9,0x24,table_run|xbank
BBAA,0,standalone,BBAA,0,BBAA,0,1,0x20,xbank
BBBD,0,standalone,BBBD,0,BBBD,0,2,0x20,xbank
BB57,0,standalone,BB57,0,BB57,0,1,0x20,xbank
F003,7,secondary,EFD1,7,EFD1,7,1,0x02,ptr_scan
E804,7,secondary,E449,7,E449,7,1,0x02,ptr_scan
E805,7,standalone,E805,7,E805,7,1,0x02,ptr_scan
D0E8,7,standalone,D0E8,7,D0E8,7,1,0x02,ptr_scan
D0E9,7,secondary,CF8A,7,CF8A,7,1,0x02,ptr_scan
CD20,7,standalone,CD20,7,CD20,7,1,0x02,ptr_scan
CF66,7,standalone,CF66,7,CF66,7,1,0x02,ptr_scan
F07F,7,standalone,F07F,7,F07F,7,1,0x02,ptr_scan
F080,7,standalone,F080,7,F080,7,1,0x02,ptr_scan
E485,7,secondary,E449,7,E449,7,1,0x02,ptr_scan
CD39,7,standalone,CD39,7,CD39,7,1,0x02,ptr_scan
E0CA,7,standalone,E0CA,7,E0CA,7,1,0x02,ptr_scan
E0CB,7,standalone,E0CB,7,E0CB,7,1,0x02,ptr_scan
D00B,7,secondary,CF8A,7,CF8A,7,1,0x02,ptr_scan
D00C,7,standalone,D00C,7,D00C,7,1,0x02,ptr_scan
FFE0,7,standalone,FFE0,7,FFE0,7,1,0x02,ptr_scan
FFE1,7,standalone,FFE1,7,FFE1,7,1,0x02,ptr_scan
D0FF,7,standalone,D0FF,7,D0FF,7,1,0x02,ptr_scan
E7D0,7,standalone,E7D0,7,E7D0,7,1,0x02,ptr_scan
E7D1,7,secondary,E449,7,E449,7,1,0x02,ptr_scan
E8CD,7,secondary,E449,7,E449,7,1,0x02,ptr_scan
E0E8,7,standalone,E0E8,7,E0E8,7,1,0x02,ptr_scan
E0E9,7,standalone,E0E9,7,E0E9,7,1,0x02,ptr_scan
D00D,7,secondary,CF8A,7,CF8A,7,1,0x02,ptr_scan
EDD1,7,standalone,EDD1,7,EDD1,7,1,0x02,ptr_scan
F0ED,7,standalone,F0ED,7,F0ED,7,1,0x02,ptr_scan
F0EE,7,standalone,F0EE,7,F0EE,7,1,0x02,ptr_scan
D003,7,secondary,CF8A,7,CF8A,7,1,0x02,ptr_scan
D004,7,standalone,D004,7,D004,7,1,0x02,ptr_scan
CF6A,7,standalone,CF6A,7,CF6A,7,1,0x02,ptr_scan
F8A9,7,standalone,F8A9,7,F8A9,7,1,0x02,ptr_scan
F8AA,7,standalone,F8AA,7,F8AA,7,1,0x02,ptr_scan
E807,7,standalone,E807,7,E807,7,1,0x02,ptr_scan
E808,7,standalone,E808,7,E808,7,1,0x02,ptr_scan
F5D0,7,standalone,F5D0,7,F5D0,7,1,0x02,ptr_scan
F5D1,7,standalone,F5D1,7,F5D1,7,1,0x02,ptr_scan
DA86,7,standalone,DA86,7,DA86,7,1,0x02,ptr_scan
DA87,7,secondary,CF8A,7,CF8A,7,1,0x02,ptr_scan
DB84,7,standalone,DB84,7,DB84,7,1,0x02,ptr_scan
DC85,7,standalone,DC85,7,DC85,7,1,0x02,ptr_scan
DC86,7,secondary,CF8A,7,CF8A,7,1,0x02,ptr_scan
DD85,7,standalone,DD85,7,DD85,7,1,0x02,ptr_scan
DD86,7,secondary,CF8A,7,CF8A,7,1,0x02,ptr_scan
E285,7,standalone,E285,7,E285,7,1,0x02,ptr_scan
E286,7,standalone,E286,7,E286,7,1,0x02,ptr_scan
F0B5,7,standalone,F0B5,7,F0B5,7,1,0x02,ptr_scan
F0B6,7,standalone,F0B6,7,F0B6,7,1,0x02,ptr_scan
D002,7,standalone,D002,7,D002,7,2,0x02,ptr_scan
E385,7,standalone,E385,7,E385,7,1,0x02,ptr_scan
E386,7,standalone,E386,7,E386,7,1,0x02,ptr_scan
DCB1,7,standalone,DCB1,7,DCB1,7,1,0x02,ptr_scan
DCB2,7,secondary,CF8A,7,CF8A,7,1,0x02,ptr_scan
DE85,7,secondary,CF8A,7,CF8A,7,1,0x02,ptr_scan
DE86,7,standalone,DE86,7,DE86,7,1,0x02,ptr_scan
DF86,7,secondary,CF8A,7,CF8A,7,1,0x02,ptr_scan
E686,7,secondary,E449,7,E449,7,1,0x02,ptr_scan
E786,7,standalone,E786,7,E786,7,1,0x02,ptr_scan
DEB1,7,secondary,CF8A,7,CF8A,7,1,0x02,ptr_scan
DEB2,7,standalone,DEB2,7,DEB2,7,1,0x02,ptr_scan
E6B2,7,secondary,E449,7,E449,7,1,0x02,ptr_scan
E585,7,standalone,E585,7,E585,7,1,0x02,ptr_scan
E586,7,standalone,E586,7,E586,7,1,0x02,ptr_scan
E886,7,secondary,E449,7,E449,7,1,0x02,ptr_scan
E986,7,standalone,E986,7,E986,7,1,0x02,ptr_scan
CDB5,7,standalone,CDB5,7,CDB5,7,2,0x02,ptr_scan
DAA6,7,secondary,CF8A,7,CF8A,7,1,0x02,ptr_scan
DAA7,7,standalone,DAA7,7,DAA7,7,1,0x02,ptr_scan
DBA4,7,secondary,CF8A,7,CF8A,7,1,0x02,ptr_scan
DBA5,7,secondary,CF8A,7,CF8A,7,1,0x02,ptr_scan
E9A4,7,standalone,E9A4,7,E9A4,7,1,0x02,ptr_scan
E9A5,7,secondary,E449,7,E449,7,1,0x02,ptr_scan
E6E6,7,standalone,E6E6,7,E6E6,7,1,0x02,ptr_scan
E6E7,7,secondary,E449,7,E449,7,1,0x02,ptr_scan
E9E6,7,secondary,E449,7,E449,7,1,0x02,ptr_scan
E9E7,7,standalone,E9E7,7,E9E7,7,1,0x02,ptr_scan
E366,7,standalone,E366,7,E366,7,1,0x02,ptr_scan
E8A4,7,standalone,E8A4,7,E8A4,7,1,0x02,ptr_scan
E6DE,7,secondary,E449,7,E449,7,1,0x02,ptr_scan
E6DF,7,standalone,E6DF,7,E6DF,7,1,0x02,ptr_scan
E8E6,7,standalone,E8E6,7,E8E6,7,1,0x02,ptr_scan
E8E7,7,secondary,E449,7,E449,7,1,0x02,ptr_scan
E5A5,7,secondary,E449,7,E449,7,1,0x02,ptr_scan
E5A6,7,standalone,E5A6,7,E5A6,7,1,0x02,ptr_scan
E265,7,standalone,E265,7,E265,7,1,0x02,ptr_scan
F0E9,7,standalone,F0E9,7,F0E9,7,1,0x02,ptr_scan
E1C7,7,secondary,E18C,7,E18C,7,1,0x02,ptr_scan
D0E1,7,secondary,CF8A,7,CF8A,7,1,0x02,ptr_scan
D0E2,7,secondary,CF8A,7,CF8A,7,1,0x02,ptr_scan
D0D0,7,standalone,D0D0,7,D0D0,7,1,0x02,ptr_scan
D0D1,7,secondary,CF8A,7,CF8A,7,1,0x02,ptr_scan
E802,7,standalone,E802,7,E802,7,1,0x02,ptr_scan
D018,7,standalone,D018,7,D018,7,1,0x02,ptr_scan
D019,7,standalone,D019,7,D019,7,1,0x02,ptr_scan
F8D0,7,standalone,F8D0,7,F8D0,7,1,0x02,ptr_scan
F8D1,7,standalone,F8D1,7,F8D1,7,1,0x02,ptr_scan
D878,7,secondary,CF8A,7,CF8A,7,1,0x02,ptr_scan
D879,7,standalone,D879,7,D879,7,1,0x02,ptr_scan
F811,7,standalone,F811,7,F811,7,1,0x02,ptr_scan
D012,7,secondary,CF8A,7,CF8A,7,1,0x02,ptr_scan
D013,7,standalone,D013,7,D013,7,1,0x02,ptr_scan
D048,7,secondary,CF8A,7,CF8A,7,1,0x02,ptr_scan
D049,7,standalone,D049,7,D049,7,1,0x02,ptr_scan
F09E,7,standalone,F09E,7,F09E,7,8,0x02,ptr_scan
F09F,7,standalone,F09F,7,F09F,7,1,0x02,ptr_scan
F001,7,standalone,F001,7,F001,7,1,0x02,ptr_scan
E800,7,standalone,E800,7,E800,7,1,0x02,ptr_scan
E801,7,secondary,E449,7,E449,7,1,0x02,ptr_scan
E8D0,7,secondary,E449,7,E449,7,1,0x02,ptr_scan
CF20,7,standalone,CF20,7,CF20,7,2,0x02,ptr_scan
CED0,7,standalone,CED0,7,CED0,7,1,0x02,ptr_scan
F6B4,7,standalone,F6B4,7,F6B4,7,1,0x02,ptr_scan
EE01,7,standalone,EE01,7,EE01,7,1,0x02,ptr_scan
CF24,7,standalone,CF24,7,CF24,7,1,0x02,ptr_scan
CF50,7,standalone,CF50,7,CF50,7,1,0x02,ptr_scan
D000,7,secondary,CF8A,7,CF8A,7,1,0x02,ptr_scan
D001,7,secondary,CF8A,7,CF8A,7,1,0x02,ptr_scan
F000,7,secondary,EFD1,7,EFD1,7,1,0x02,ptr_scan
F0BE,7,standalone,F0BE,7,F0BE,7,1,0x02,ptr_scan
D051,7,secondary,CF8A,7,CF8A,7,1,0x02,ptr_scan
E04D,7,secondary,E000,7,E000,7,1,0x02,ptr_scan
CFE1,7,secondary,CF8A,7,CF8A,7,1,0x02,ptr_scan
E620,7,standalone,E620,7,E620,7,1,0x02,ptr_scan
E621,7,secondary,E449,7,E449,7,1,0x02,ptr_scan
F018,7,secondary,EFD1,7,EFD1,7,1,0x02,ptr_scan
D0BC,7,secondary,CF8A,7,CF8A,7,1,0x02,ptr_scan
D0BD,7,standalone,D0BD,7,D0BD,7,1,0x02,ptr_scan
E0D0,7,standalone,E0D0,7,E0D0,7,1,0x02,ptr_scan
E0D1,7,secondary,E0AE,7,E0AE,7,1,0x02,ptr_scan
F0BC,7,standalone,F0BC,7,F0BC,7,7,0x06,ptr_scan|table_run
F0FF,7,standalone,F0FF,7,F0FF,7,1,0x02,ptr_scan
F100,7,standalone,F100,7,F100,7,1,0x02,ptr_scan
E603,7,standalone,E603,7,E603,7,1,0x02,ptr_scan
D098,7,standalone,D098,7,D098,7,1,0x02,ptr_scan
E820,7,standalone,E820,7,E820,7,1,0x02,ptr_scan
E821,7,secondary,E449,7,E449,7,1,0x02,ptr_scan
F610,7,standalone,F610,7,F610,7,1,0x02,ptr_scan
F611,7,standalone,F611,7,F611,7,1,0x02,ptr_scan
F02A,7,secondary,EFD1,7,EFD1,7,1,0x02,ptr_scan
CE2C,7,standalone,CE2C,7,CE2C,7,1,0x02,ptr_scan
CE2D,7,secondary,CE02,7,CE02,7,1,0x02,ptr_scan
E938,7,standalone,E938,7,E938,7,1,0x02,ptr_scan
ED39,7,standalone,ED39,7,ED39,7,1,0x02,ptr_scan
EC10,7,standalone,EC10,7,EC10,7,1,0x02,ptr_scan
EEEC,7,standalone,EEEC,7,EEEC,7,1,0x02,ptr_scan
EEED,7,secondary,EE2C,7,EE2C,7,1,0x02,ptr_scan
D020,7,secondary,CF8A,7,CF8A,7,1,0x02,ptr_scan
D021,7,standalone,D021,7,D021,7,1,0x02,ptr_scan
F4D0,7,standalone,F4D0,7,F4D0,7,1,0x02,ptr_scan
F006,7,secondary,EFD1,7,EFD1,7,1,0x02,ptr_scan
D2D9,7,standalone,D2D9,7,D2D9,7,1,0x02,ptr_scan
CD02,7,standalone,CD02,7,CD02,7,1,0x02,ptr_scan
CD03,7,secondary,CCA8,7,CCA8,7,1,0x02,ptr_scan
D204,7,standalone,D204,7,D204,7,1,0x02,ptr_scan
D0C0,7,standalone,D0C0,7,D0C0,7,1,0x02,ptr_scan
D030,7,standalone,D030,7,D030,7,1,0x02,ptr_scan
D031,7,secondary,CF8A,7,CF8A,7,1,0x02,ptr_scan
D00F,7,standalone,D00F,7,D00F,7,1,0x02,ptr_scan
D010,7,secondary,CF8A,7,CF8A,7,1,0x02,ptr_scan
CE03,7,secondary,CE02,7,CE02,7,1,0x02,ptr_scan
D005,7,secondary,CF8A,7,CF8A,7,1,0x02,ptr_scan
D006,7,secondary,CF8A,7,CF8A,7,1,0x02,ptr_scan
F008,7,standalone,F008,7,F008,7,1,0x02,ptr_scan
F009,7,secondary,EFD1,7,EFD1,7,1,0x02,ptr_scan
E882,7,standalone,E882,7,E882,7,1,0x02,ptr_scan
E883,7,secondary,E449,7,E449,7,1,0x02,ptr_scan
EE02,7,secondary,E449,7,E449,7,1,0x02,ptr_scan
D1C8,7,standalone,D1C8,7,D1C8,7,1,0x02,ptr_scan
D083,7,standalone,D083,7,D083,7,1,0x02,ptr_scan
D084,7,secondary,CF8A,7,CF8A,7,1,0x02,ptr_scan
D008,7,standalone,D008,7,D008,7,1,0x02,ptr_scan
D009,7,secondary,CF8A,7,CF8A,7,1,0x02,ptr_scan
D085,7,standalone,D085,7,D085,7,1,0x02,ptr_scan
D086,7,secondary,CF8A,7,CF8A,7,1,0x02,ptr_scan
D102,7,standalone,D102,7,D102,7,1,0x02,ptr_scan
F310,7,standalone,F310,7,F310,7,1,0x02,ptr_scan
F311,7,standalone,F311,7,F311,7,1,0x02,ptr_scan
D088,7,secondary,CF8A,7,CF8A,7,1,0x02,ptr_scan
D089,7,standalone,D089,7,D089,7,1,0x02,ptr_scan
EED1,7,standalone,EED1,7,EED1,7,1,0x02,ptr_scan
DFAE,7,secondary,CF8A,7,CF8A,7,1,0x02,ptr_scan
DFAF,7,standalone,DFAF,7,DFAF,7,1,0x02,ptr_scan
F005,7,standalone,F005,7,F005,7,2,0x02,ptr_scan
DE04,7,standalone,DE04,7,DE04,7,1,0x02,ptr_scan
DE05,7,secondary,CF8A,7,CF8A,7,1,0x02,ptr_scan
DE03,7,secondary,CF8A,7,CF8A,7,1,0x02,ptr_scan
E28D,7,standalone,E28D,7,E28D,7,1,0x02,ptr_scan
E28E,7,standalone,E28E,7,E28E,7,1,0x02,ptr_scan
E38E,7,standalone,E38E,7,E38E,7,1,0x02,ptr_scan
D8BD,7,standalone,D8BD,7,D8BD,7,1,0x02,ptr_scan
D8BE,7,secondary,CF8A,7,CF8A,7,1,0x02,ptr_scan
D585,7,secondary,CF8A,7,CF8A,7,1,0x02,ptr_scan
D586,7,standalone,D586,7,D586,7,1,0x02,ptr_scan
E8D6,7,secondary,E449,7,E449,7,1,0x02,ptr_scan
D5B1,7,secondary,CF8A,7,CF8A,7,1,0x02,ptr_scan
D5B2,7,standalone,D5B2,7,D5B2,7,1,0x02,ptr_scan
E18D,7,standalone,E18D,7,E18D,7,1,0x02,ptr_scan
E18E,7,secondary,E18C,7,E18C,7,1,0x02,ptr_scan
D56F,7,standalone,D56F,7,D56F,7,1,0x02,ptr_scan
CE61,7,secondary,CE02,7,CE02,7,1,0x02,ptr_scan
E1CE,7,standalone,E1CE,7,E1CE,7,1,0x02,ptr_scan
E1CF,7,secondary,E18C,7,E18C,7,1,0x02,ptr_scan
CCA9,7,standalone,CCA9,7,CCA9,7,1,0x02,ptr_scan
CDCD,7,secondary,CDB4,7,CDB4,7,1,0x02,ptr_scan
E3CE,7,standalone,E3CE,7,E3CE,7,1,0x02,ptr_scan
D8A9,7,secondary,CF8A,7,CF8A,7,8,0x02,ptr_scan
D8AA,7,standalone,D8AA,7,D8AA,7,1,0x02,ptr_scan
D5C7,7,standalone,D5C7,7,D5C7,7,1,0x02,ptr_scan
EED5,7,secondary,EE2C,7,EE2C,7,1,0x02,ptr_scan
E3EF,7,standalone,E3EF,7,E3EF,7,3,0x02,ptr_scan
EE03,7,standalone,EE03,7,EE03,7,1,0x02,ptr_scan
E2EE,7,standalone,E2EE,7,E2EE,7,1,0x02,ptr_scan
E2EF,7,standalone,E2EF,7,E2EF,7,1,0x02,ptr_scan
CD0A,7,standalone,CD0A,7,CD0A,7,1,0x02,ptr_scan
E2CD,7,standalone,E2CD,7,E2CD,7,1,0x02,ptr_scan
E2CE,7,standalone,E2CE,7,E2CE,7,1,0x02,ptr_scan
D5A5,7,standalone,D5A5,7,D5A5,7,1,0x02,ptr_scan
D5A6,7,secondary,CF8A,7,CF8A,7,1,0x02,ptr_scan
D917,7,standalone,D917,7,D917,7,1,0x02,ptr_scan
DE20,7,secondary,CF8A,7,CF8A,7,1,0x02,ptr_scan
DE21,7,standalone,DE21,7,DE21,7,1,0x02,ptr_scan
D8DF,7,standalone,D8DF,7,D8DF,7,1,0x02,ptr_scan
F700,7,standalone,F700,7,F700,7,1,0x02,ptr_scan
EA8E,7,standalone,EA8E,7,EA8E,7,1,0x02,ptr_scan
E98D,7,secondary,E449,7,E449,7,1,0x02,ptr_scan
E98E,7,standalone,E98E,7,E98E,7,1,0x02,ptr_scan
E6A8,7,standalone,E6A8,7,E6A8,7,1,0x02,ptr_scan
E6A9,7,secondary,E449,7,E449,7,1,0x02,ptr_scan
D0A6,7,secondary,CF8A,7,CF8A,7,1,0x02,ptr_scan
D0A7,7,standalone,D0A7,7,D0A7,7,1,0x02,ptr_scan
E5D0,7,standalone,E5D0,7,E5D0,7,1,0x02,ptr_scan
D120,7,secondary,CF8A,7,CF8A,7,1,0x02,ptr_scan
D121,7,standalone,D121,7,D121,7,1,0x02,ptr_scan
EFD2,7,standalone,EFD2,7,EFD2,7,1,0x02,ptr_scan
CDA5,7,standalone,CDA5,7,CDA5,7,1,0x02,ptr_scan
CDA6,7,secondary,CD38,7,CD38,7,1,0x02,ptr_scan
CDA7,7,standalone,CDA7,7,CDA7,7,1,0x02,ptr_scan
CDA8,7,secondary,CD38,7,CD38,7,1,0x02,ptr_scan
F0A8,7,standalone,F0A8,7,F0A8,7,1,0x02,ptr_scan
F1F0,7,standalone,F1F0,7,F1F0,7,1,0x02,ptr_scan
D0A5,7,secondary,CF8A,7,CF8A,7,1,0x02,ptr_scan
E4D0,7,standalone,E4D0,7,E4D0,7,1,0x02,ptr_scan
E4D1,7,secondary,E449,7,E449,7,1,0x02,ptr_scan
D0A8,7,secondary,CF8A,7,CF8A,7,1,0x02,ptr_scan
CDD0,7,secondary,CDB4,7,CDB4,7,1,0x02,ptr_scan
CDD1,7,standalone,CDD1,7,CDD1,7,1,0x02,ptr_scan
E538,7,secondary,E449,7,E449,7,1,0x02,ptr_scan
D0A4,7,standalone,D0A4,7,D0A4,7,1,0x02,ptr_scan
D00A,7,standalone,D00A,7,D00A,7,1,0x02,ptr_scan
D0A3,7,secondary,CF8A,7,CF8A,7,1,0x02,ptr_scan
ECD1,7,standalone,ECD1,7,ECD1,7,1,0x02,ptr_scan
D106,7,standalone,D106,7,D106,7,1,0x02,ptr_scan
D107,7,secondary,CF8A,7,CF8A,7,1,0x02,ptr_scan
D0C7,7,secondary,CF8A,7,CF8A,7,1,0x02,ptr_scan
D92A,7,standalone,D92A,7,D92A,7,1,0x02,ptr_scan
D007,7,secondary,CF8A,7,CF8A,7,1,0x02,ptr_scan
F3D1,7,standalone,F3D1,7,F3D1,7,1,0x02,ptr_scan
F0C7,7,standalone,F0C7,7,F0C7,7,1,0x02,ptr_scan
F0C8,7,standalone,F0C8,7,F0C8,7,1,0x02,ptr_scan
E606,7,standalone,E606,7,E606,7,1,0x02,ptr_scan
E6A4,7,standalone,E6A4,7,E6A4,7,1,0x02,ptr_scan
D081,7,secondary,CF8A,7,CF8A,7,1,0x02,ptr_scan
D082,7,standalone,D082,7,D082,7,1,0x02,ptr_scan
E48E,7,secondary,E449,7,E449,7,1,0x02,ptr_scan
E58D,7,secondary,E449,7,E449,7,1,0x02,ptr_scan
E58E,7,standalone,E58E,7,E58E,7,1,0x02,ptr_scan
E68E,7,standalone,E68E,7,E68E,7,1,0x02,ptr_scan
CFF0,7,standalone,CFF0,7,CFF0,7,2,0x02,ptr_scan
CFF1,7,secondary,CF8A,7,CF8A,7,1,0x02,ptr_scan
D9D4,7,standalone,D9D4,7,D9D4,7,1,0x02,ptr_scan
DE60,7,standalone,DE60,7,DE60,7,1,0x02,ptr_scan
DE61,7,secondary,CF8A,7,CF8A,7,1,0x02,ptr_scan
DD01,7,standalone,DD01,7,DD01,7,1,0x02,ptr_scan
DD02,7,secondary,CF8A,7,CF8A,7,1,0x02,ptr_scan
EE05,7,secondary,E449,7,E449,7,1,0x02,ptr_scan
CEA8,7,standalone,CEA8,7,CEA8,7,1,0x02,ptr_scan
CEA9,7,standalone,CEA9,7,CEA9,7,1,0x02,ptr_scan
CE04,7,secondary,CE02,7,CE02,7,1,0x02,ptr_scan
CE05,7,standalone,CE05,7,CE05,7,1,0x02,ptr_scan
CE20,7,standalone,CE20,7,CE20,7,1,0x02,ptr_scan
CE21,7,secondary,CE02,7,CE02,7,1,0x02,ptr_scan
D5AD,7,standalone,D5AD,7,D5AD,7,1,0x02,ptr_scan
D5AE,7,secondary,CF8A,7,CF8A,7,1,0x02,ptr_scan
F6AD,7,standalone,F6AD,7,F6AD,7,1,0x02,ptr_scan
F6AE,7,standalone,F6AE,7,F6AE,7,1,0x02,ptr_scan
F004,7,standalone,F004,7,F004,7,1,0x02,ptr_scan
F021,7,secondary,EFD1,7,EFD1,7,1,0x02,ptr_scan
CDF1,7,standalone,CDF1,7,CDF1,7,1,0x02,ptr_scan
DCC2,7,standalone,DCC2,7,DCC2,7,1,0x02,ptr_scan
DD27,7,standalone,DD27,7,DD27,7,1,0x02,ptr_scan
DD93,7,standalone,DD93,7,DD93,7,1,0x02,ptr_scan
DDFA,7,standalone,DDFA,7,DDFA,7,1,0x02,ptr_scan
E6E8,7,standalone,E6E8,7,E6E8,7,1,0x02,ptr_scan
DECD,7,standalone,DECD,7,DECD,7,1,0x02,ptr_scan
DF5E,7,standalone,DF5E,7,DF5E,7,1,0x02,ptr_scan
E064,7,standalone,E064,7,E064,7,1,0x02,ptr_scan
DE2D,7,standalone,DE2D,7,DE2D,7,1,0x02,ptr_scan
DC4F,7,standalone,DC4F,7,DC4F,7,1,0x02,ptr_scan
DC68,7,standalone,DC68,7,DC68,7,1,0x02,ptr_scan
DC5D,7,standalone,DC5D,7,DC5D,7,1,0x02,ptr_scan
DD37,7,standalone,DD37,7,DD37,7,1,0x02,ptr_scan
D14D,7,secondary,CF8A,7,CF8A,7,1,0x02,ptr_scan
DCD2,7,standalone,DCD2,7,DCD2,7,1,0x02,ptr_scan
DDA3,7,standalone,DDA3,7,DDA3,7,1,0x02,ptr_scan
F0DE,7,standalone,F0DE,7,F0DE,7,1,0x02,ptr_scan
F0DF,7,standalone,F0DF,7,F0DF,7,1,0x02,ptr_scan
F07D,7,standalone,F07D,7,F07D,7,1,0x02,ptr_scan
EE20,7,standalone,EE20,7,EE20,7,1,0x02,ptr_scan
EE21,7,secondary,E449,7,E449,7,1,0x02,ptr_scan
E0EF,7,standalone,E0EF,7,E0EF,7,1,0x02,ptr_scan
E62F,7,standalone,E62F,7,E62F,7,1,0x02,ptr_scan
D520,7,standalone,D520,7,D520,7,1,0x02,ptr_scan
D521,7,secondary,CF8A,7,CF8A,7,1,0x02,ptr_scan
E0D6,7,standalone,E0D6,7,E0D6,7,1,0x02,ptr_scan
D0CA,7,standalone,D0CA,7,D0CA,7,1,0x02,ptr_scan
D0CB,7,standalone,D0CB,7,D0CB,7,1,0x02,ptr_scan
D07E,7,secondary,CF8A,7,CF8A,7,1,0x02,ptr_scan
D07F,7,standalone,D07F,7,D07F,7,1,0x02,ptr_scan
F081,7,standalone,F081,7,F081,7,1,0x02,ptr_scan
D080,7,secondary,CF8A,7,CF8A,7,1,0x02,ptr_scan
DF8E,7,secondary,CF8A,7,CF8A,7,1,0x02,ptr_scan
E08D,7,secondary,E083,7,E083,7,1,0x02,ptr_scan
F6AF,7,standalone,F6AF,7,F6AF,7,1,0x02,ptr_scan
DE71,7,standalone,DE71,7,DE71,7,1,0x02,ptr_scan
DC4C,7,standalone,DC4C,7,DC4C,7,1,0x02,ptr_scan
DEDD,7,standalone,DEDD,7,DEDD,7,1,0x02,ptr_scan
DF6E,7,standalone,DF6E,7,DF6E,7,1,0x02,ptr_scan
F0E0,7,standalone,F0E0,7,F0E0,7,1,0x02,ptr_scan
F0E1,7,standalone,F0E1,7,F0E1,7,1,0x02,ptr_scan
F079,7,standalone,F079,7,F079,7,1,0x02,ptr_scan
F07A,7,standalone,F07A,7,F07A,7,1,0x02,ptr_scan
E113,7,standalone,E113,7,E113,7,1,0x02,ptr_scan
D079,7,standalone,D079,7,D079,7,1,0x02,ptr_scan
D07A,7,secondary,CF8A,7,CF8A,7,1,0x02,ptr_scan
F68E,7,standalone,F68E,7,F68E,7,1,0x02,ptr_scan
E656,7,secondary,E449,7,E449,7,1,0x02,ptr_scan
F07C,7,standalone,F07C,7,F07C,7,1,0x02,ptr_scan
D07B,7,standalone,D07B,7,D07B,7,1,0x02,ptr_scan
E09A,7,standalone,E09A,7,E09A,7,1,0x02,ptr_scan
E635,7,standalone,E635,7,E635,7,1,0x02,ptr_scan
E084,7,standalone,E084,7,E084,7,1,0x02,ptr_scan
E095,7,standalone,E095,7,E095,7,1,0x02,ptr_scan
E096,7,standalone,E096,7,E096,7,1,0x02,ptr_scan
D0E0,7,secondary,CF8A,7,CF8A,7,1,0x02,ptr_scan
E091,7,standalone,E091,7,E091,7,1,0x02,ptr_scan
E092,7,standalone,E092,7,E092,7,1,0x02,ptr_scan
CDE0,7,secondary,CDB4,7,CDB4,7,1,0x02,ptr_scan
CDE1,7,secondary,CDB4,7,CDB4,7,1,0x02,ptr_scan
DF8F,7,standalone,DF8F,7,DF8F,7,1,0x02,ptr_scan
E101,7,standalone,E101,7,E101,7,1,0x02,ptr_scan
F0C6,7,standalone,F0C6,7,F0C6,7,1,0x02,ptr_scan
E1EF,7,standalone,E1EF,7,E1EF,7,1,0x02,ptr_scan
E6E1,7,secondary,E449,7,E449,7,1,0x02,ptr_scan
E6E2,7,standalone,E6E2,7,E6E2,7,1,0x02,ptr_scan
D0B2,7,standalone,D0B2,7,D0B2,7,1,0x02,ptr_scan
D0B3,7,secondary,CF8A,7,CF8A,7,1,0x02,ptr_scan
E60A,7,secondary,E449,7,E449,7,1,0x02,ptr_scan
E158,7,standalone,E158,7,E158,7,1,0x02,ptr_scan
F040,7,standalone,F040,7,F040,7,1,0x02,ptr_scan
F041,7,standalone,F041,7,F041,7,1,0x02,ptr_scan
CF80,7,standalone,CF80,7,CF80,7,1,0x02,ptr_scan
F220,7,standalone,F220,7,F220,7,1,0x02,ptr_scan
D0F3,7,standalone,D0F3,7,D0F3,7,1,0x02,ptr_scan
E42F,7,standalone,E42F,7,E42F,7,4,0x02,ptr_scan
E430,7,standalone,E430,7,E430,7,1,0x02,ptr_scan
E41C,7,standalone,E41C,7,E41C,7,9,0x02,ptr_scan
E41D,7,standalone,E41D,7,E41D,7,1,0x02,ptr_scan
F054,7,secondary,EFD1,7,EFD1,7,1,0x02,ptr_scan
F055,7,standalone,F055,7,F055,7,1,0x02,ptr_scan
F2F0,7,standalone,F2F0,7,F2F0,7,1,0x02,ptr_scan
F2F1,7,standalone,F2F1,7,F2F1,7,1,0x02,ptr_scan
E29C,7,standalone,E29C,7,E29C,7,9,0x02,ptr_scan
D211,7,secondary,CF8A,7,CF8A,7,10,0x02,ptr_scan
D212,7,standalone,D212,7,D212,7,1,0x02,ptr_scan
F06C,7,standalone,F06C,7,F06C,7,1,0x02,ptr_scan
F06D,7,standalone,F06D,7,F06D,7,1,0x02,ptr_scan
D920,7,secondary,CF8A,7,CF8A,7,3,0x02,ptr_scan
D921,7,standalone,D921,7,D921,7,1,0x02,ptr_scan
F321,7,standalone,F321,7,F321,7,4,0x02,ptr_scan
F062,7,standalone,F062,7,F062,7,1,0x02,ptr_scan
F063,7,standalone,F063,7,F063,7,1,0x02,ptr_scan
E6D0,7,secondary,E449,7,E449,7,1,0x02,ptr_scan
F057,7,standalone,F057,7,F057,7,1,0x02,ptr_scan
F058,7,standalone,F058,7,F058,7,1,0x02,ptr_scan
CEEF,7,standalone,CEEF,7,CEEF,7,1,0x02,ptr_scan
CEF0,7,secondary,CECF,7,CECF,7,1,0x02,ptr_scan
F1D0,7,standalone,F1D0,7,F1D0,7,1,0x02,ptr_scan
F1D1,7,standalone,F1D1,7,F1D1,7,1,0x02,ptr_scan
D0B1,7,secondary,CF8A,7,CF8A,7,1,0x02,ptr_scan
EAC6,7,standalone,EAC6,7,EAC6,7,1,0x02,ptr_scan
EAC7,7,secondary,E449,7,E449,7,1,0x02,ptr_scan
EAEA,7,secondary,E449,7,E449,7,1,0x02,ptr_scan
EAEB,7,standalone,EAEB,7,EAEB,7,1,0x02,ptr_scan
D54D,7,standalone,D54D,7,D54D,7,1,0x02,ptr_scan
CCAD,7,secondary,CCA8,7,CCA8,7,1,0x02,ptr_scan
CCAE,7,secondary,CCA8,7,CCA8,7,1,0x02,ptr_scan
CDAD,7,standalone,CDAD,7,CDAD,7,1,0x02,ptr_scan
CDAE,7,standalone,CDAE,7,CDAE,7,1,0x02,ptr_scan
CEAD,7,secondary,CE02,7,CE02,7,1,0x02,ptr_scan
CFAE,7,secondary,CF8A,7,CF8A,7,1,0x02,ptr_scan
D0AD,7,secondary,CF8A,7,CF8A,7,1,0x02,ptr_scan
D1AD,7,secondary,CF8A,7,CF8A,7,1,0x02,ptr_scan
D1AE,7,standalone,D1AE,7,D1AE,7,1,0x02,ptr_scan
D2AD,7,standalone,D2AD,7,D2AD,7,1,0x02,ptr_scan
D2AE,7,standalone,D2AE,7,D2AE,7,1,0x02,ptr_scan
D8AD,7,standalone,D8AD,7,D8AD,7,1,0x02,ptr_scan
D8AE,7,secondary,CF8A,7,CF8A,7,1,0x02,ptr_scan
D9AD,7,secondary,CF8A,7,CF8A,7,1,0x02,ptr_scan
D9AE,7,standalone,D9AE,7,D9AE,7,1,0x02,ptr_scan
DAAD,7,standalone,DAAD,7,DAAD,7,2,0x02,ptr_scan
DAAE,7,standalone,DAAE,7,DAAE,7,1,0x02,ptr_scan
DBAD,7,secondary,CF8A,7,CF8A,7,1,0x02,ptr_scan
DBAE,7,standalone,DBAE,7,DBAE,7,1,0x02,ptr_scan
DCAD,7,standalone,DCAD,7,DCAD,7,1,0x02,ptr_scan
DCAE,7,secondary,CF8A,7,CF8A,7,1,0x02,ptr_scan
DDAD,7,standalone,DDAD,7,DDAD,7,1,0x02,ptr_scan
DDAE,7,secondary,CF8A,7,CF8A,7,1,0x02,ptr_scan
DEAD,7,secondary,CF8A,7,CF8A,7,1,0x02,ptr_scan
DEAE,7,standalone,DEAE,7,DEAE,7,1,0x02,ptr_scan
E0AD,7,secondary,E099,7,E099,7,1,0x02,ptr_scan
E1AE,7,secondary,E18C,7,E18C,7,1,0x02,ptr_scan
E2AD,7,standalone,E2AD,7,E2AD,7,1,0x02,ptr_scan
E2AE,7,standalone,E2AE,7,E2AE,7,1,0x02,ptr_scan
E3AD,7,standalone,E3AD,7,E3AD,7,2,0x02,ptr_scan
E3AE,7,standalone,E3AE,7,E3AE,7,1,0x02,ptr_scan
E4AE,7,standalone,E4AE,7,E4AE,7,1,0x02,ptr_scan
E5AE,7,secondary,E449,7,E449,7,1,0x02,ptr_scan
E6AE,7,standalone,E6AE,7,E6AE,7,1,0x02,ptr_scan
E7AE,7,secondary,E449,7,E449,7,1,0x02,ptr_scan
E8AE,7,standalone,E8AE,7,E8AE,7,1,0x02,ptr_scan
E9AD,7,standalone,E9AD,7,E9AD,7,1,0x02,ptr_scan
E9AE,7,secondary,E449,7,E449,7,1,0x02,ptr_scan
EAAE,7,standalone,EAAE,7,EAAE,7,1,0x02,ptr_scan
EBAD,7,standalone,EBAD,7,EBAD,7,1,0x02,ptr_scan
EBAE,7,secondary,E449,7,E449,7,1,0x02,ptr_scan
ECAE,7,secondary,E449,7,E449,7,1,0x02,ptr_scan
EDAE,7,secondary,E449,7,E449,7,1,0x02,ptr_scan
EEAD,7,standalone,EEAD,7,EEAD,7,1,0x02,ptr_scan
EEAE,7,secondary,EE2C,7,EE2C,7,1,0x02,ptr_scan
EFAD,7,secondary,EE2C,7,EE2C,7,1,0x02,ptr_scan
F0AD,7,standalone,F0AD,7,F0AD,7,1,0x02,ptr_scan
F1AD,7,standalone,F1AD,7,F1AD,7,1,0x02,ptr_scan
F2AD,7,standalone,F2AD,7,F2AD,7,1,0x02,ptr_scan
F3AD,7,standalone,F3AD,7,F3AD,7,1,0x02,ptr_scan
F3AE,7,standalone,F3AE,7,F3AE,7,1,0x02,ptr_scan
F4AD,7,standalone,F4AD,7,F4AD,7,1,0x02,ptr_scan
F4AE,7,standalone,F4AE,7,F4AE,7,1,0x02,ptr_scan
F5AD,7,standalone,F5AD,7,F5AD,7,1,0x02,ptr_scan
F5AE,7,standalone,F5AE,7,F5AE,7,1,0x02,ptr_scan
F7AE,7,standalone,F7AE,7,F7AE,7,1,0x02,ptr_scan
F8AD,7,standalone,F8AD,7,F8AD,7,1,0x02,ptr_scan
F8AE,7,standalone,F8AE,7,F8AE,7,1,0x02,ptr_scan
E2A9,7,standalone,E2A9,7,E2A9,7,1,0x02,ptr_scan
E2AA,7,standalone,E2AA,7,E2AA,7,1,0x02,ptr_scan
F6D0,7,standalone,F6D0,7,F6D0,7,1,0x02,ptr_scan
F6D1,7,secondary,F6B3,7,F6B3,7,1,0x02,ptr_scan
EDBE,7,standalone,EDBE,7,EDBE,7,1,0x02,ptr_scan
D04C,7,secondary,CF8A,7,CF8A,7,1,0x02,ptr_scan
D04D,7,standalone,D04D,7,D04D,7,1,0x02,ptr_scan
CDAF,7,secondary,CD38,7,CD38,7,1,0x02,ptr_scan
F7D0,7,standalone,F7D0,7,F7D0,7,1,0x02,ptr_scan
F7D1,7,standalone,F7D1,7,F7D1,7,1,0x02,ptr_scan
EE8D,7,secondary,EE2C,7,EE2C,7,1,0x02,ptr_scan
E78D,7,secondary,E449,7,E449,7,1,0x02,ptr_scan
E78E,7,standalone,E78E,7,E78E,7,1,0x02,ptr_scan
F061,7,standalone,F061,7,F061,7,6,0x06,ptr_scan|table_run
CEE8,7,secondary,CECF,7,CECF,7,1,0x02,ptr_scan
CEE9,7,standalone,CEE9,7,CEE9,7,1,0x02,ptr_scan
E3D0,7,standalone,E3D0,7,E3D0,7,1,0x02,ptr_scan
E3D1,7,standalone,E3D1,7,E3D1,7,1,0x02,ptr_scan
F1FF,7,standalone,F1FF,7,F1FF,7,2,0x02,ptr_scan
F200,7,standalone,F200,7,F200,7,1,0x02,ptr_scan
F10D,7,standalone,F10D,7,F10D,7,6,0x02,ptr_scan
E74C,7,secondary,E449,7,E449,7,1,0x02,ptr_scan
E74D,7,standalone,E74D,7,E74D,7,1,0x02,ptr_scan
F0E7,7,standalone,F0E7,7,F0E7,7,5,0x02,ptr_scan
F13B,7,standalone,F13B,7,F13B,7,29,0x02,ptr_scan
F13C,7,standalone,F13C,7,F13C,7,1,0x02,ptr_scan
F109,7,standalone,F109,7,F109,7,8,0x02,ptr_scan
F184,7,standalone,F184,7,F184,7,2,0x02,ptr_scan
F185,7,standalone,F185,7,F185,7,1,0x02,ptr_scan
CEC7,7,standalone,CEC7,7,CEC7,7,1,0x02,ptr_scan
CEC8,7,secondary,CE02,7,CE02,7,1,0x02,ptr_scan
F1C2,7,standalone,F1C2,7,F1C2,7,3,0x02,ptr_scan
D2C9,7,standalone,D2C9,7,D2C9,7,1,0x02,ptr_scan
D2CA,7,secondary,CF8A,7,CF8A,7,1,0x02,ptr_scan
EBC9,7,secondary,E449,7,E449,7,1,0x02,ptr_scan
EBCA,7,standalone,EBCA,7,EBCA,7,1,0x02,ptr_scan
F1F9,7,standalone,F1F9,7,F1F9,7,3,0x02,ptr_scan
F1FA,7,standalone,F1FA,7,F1FA,7,1,0x02,ptr_scan
ED4C,7,secondary,E449,7,E449,7,1,0x02,ptr_scan
F1ED,7,standalone,F1ED,7,F1ED,7,5,0x02,ptr_scan
F1EE,7,standalone,F1EE,7,F1EE,7,1,0x02,ptr_scan
F6C9,7,standalone,F6C9,7,F6C9,7,1,0x02,ptr_scan
F6CA,7,secondary,F6B3,7,F6B3,7,1,0x02,ptr_scan
F34C,7,standalone,F34C,7,F34C,7,1,0x02,ptr_scan
F34D,7,standalone,F34D,7,F34D,7,1,0x02,ptr_scan
F1F3,7,standalone,F1F3,7,F1F3,7,9,0x02,ptr_scan
F1F4,7,standalone,F1F4,7,F1F4,7,1,0x02,ptr_scan
F253,7,standalone,F253,7,F253,7,6,0x02,ptr_scan
F254,7,standalone,F254,7,F254,7,1,0x02,ptr_scan
F24C,7,standalone,F24C,7,F24C,7,10,0x02,ptr_scan
E806,7,secondary,E449,7,E449,7,1,0x02,ptr_scan
EA5D,7,standalone,EA5D,7,EA5D,7,1,0x02,ptr_scan
EA5E,7,standalone,EA5E,7,EA5E,7,1,0x02,ptr_scan
F27F,7,standalone,F27F,7,F27F,7,2,0x02,ptr_scan
DEB9,7,secondary,CF8A,7,CF8A,7,1,0x02,ptr_scan
DEBA,7,standalone,DEBA,7,DEBA,7,1,0x02,ptr_scan
F2DF,7,standalone,F2DF,7,F2DF,7,1,0x02,ptr_scan
F2A3,7,standalone,F2A3,7,F2A3,7,3,0x02,ptr_scan
F2A4,7,standalone,F2A4,7,F2A4,7,1,0x02,ptr_scan
F2BB,7,standalone,F2BB,7,F2BB,7,6,0x02,ptr_scan
F2BC,7,standalone,F2BC,7,F2BC,7,1,0x02,ptr_scan
DEAA,7,secondary,CF8A,7,CF8A,7,1,0x02,ptr_scan
CD01,7,secondary,CCA8,7,CCA8,7,1,0x02,ptr_scan
F34F,7,standalone,F34F,7,F34F,7,5,0x02,ptr_scan
F554,7,standalone,F554,7,F554,7,10,0x02,ptr_scan
F322,7,standalone,F322,7,F322,7,11,0x02,ptr_scan
DD03,7,standalone,DD03,7,DD03,7,1,0x02,ptr_scan
FFDE,7,secondary,FFDA,7,FFDA,7,1,0x02,ptr_scan
DEF5,7,secondary,CF8A,7,CF8A,7,1,0x02,ptr_scan
E420,7,standalone,E420,7,E420,7,1,0x02,ptr_scan
E421,7,standalone,E421,7,E421,7,1,0x02,ptr_scan
F5E4,7,standalone,F5E4,7,F5E4,7,8,0x02,ptr_scan
DD04,7,secondary,CF8A,7,CF8A,7,1,0x02,ptr_scan
DD05,7,standalone,DD05,7,DD05,7,1,0x02,ptr_scan
F380,7,standalone,F380,7,F380,7,3,0x02,ptr_scan
F3D5,7,standalone,F3D5,7,F3D5,7,3,0x02,ptr_scan
F3D6,7,standalone,F3D6,7,F3D6,7,1,0x02,ptr_scan
F41B,7,standalone,F41B,7,F41B,7,3,0x02,ptr_scan
F3DE,7,standalone,F3DE,7,F3DE,7,3,0x02,ptr_scan
F42A,7,standalone,F42A,7,F42A,7,3,0x02,ptr_scan
E720,7,secondary,E449,7,E449,7,1,0x02,ptr_scan
F3E7,7,standalone,F3E7,7,F3E7,7,2,0x02,ptr_scan
F3E8,7,standalone,F3E8,7,F3E8,7,1,0x02,ptr_scan
F44A,7,standalone,F44A,7,F44A,7,2,0x02,ptr_scan
F517,7,standalone,F517,7,F517,7,2,0x02,ptr_scan
F3F0,7,standalone,F3F0,7,F3F0,7,5,0x02,ptr_scan
EB90,7,secondary,E449,7,E449,7,1,0x02,ptr_scan
E090,7,secondary,E083,7,E083,7,1,0x02,ptr_scan
F47B,7,standalone,F47B,7,F47B,7,7,0x02,ptr_scan
F47C,7,standalone,F47C,7,F47C,7,1,0x02,ptr_scan
E9EE,7,standalone,E9EE,7,E9EE,7,1,0x02,ptr_scan
E9EF,7,secondary,E449,7,E449,7,1,0x02,ptr_scan
CE06,7,secondary,CE02,7,CE02,7,1,0x02,ptr_scan
E3F0,7,standalone,E3F0,7,E3F0,7,1,0x02,ptr_scan
E3F1,7,standalone,E3F1,7,E3F1,7,1,0x02,ptr_scan
E021,7,standalone,E021,7,E021,7,1,0x02,ptr_scan
E9CE,7,secondary,E449,7,E449,7,1,0x02,ptr_scan
D904,7,secondary,CF8A,7,CF8A,7,1,0x02,ptr_scan
D905,7,standalone,D905,7,D905,7,1,0x02,ptr_scan
DDE8,7,secondary,CF8A,7,CF8A,7,1,0x02,ptr_scan
DDE9,7,standalone,DDE9,7,DDE9,7,1,0x02,ptr_scan
F57D,7,standalone,F57D,7,F57D,7,2,0x02,ptr_scan
E1AF,7,standalone,E1AF,7,E1AF,7,1,0x02,ptr_scan
CD05,7,secondary,CCA8,7,CCA8,7,1,0x02,ptr_scan
CD06,7,standalone,CD06,7,CD06,7,1,0x02,ptr_scan
CE0B,7,secondary,CE02,7,CE02,7,1,0x02,ptr_scan
CE0C,7,standalone,CE0C,7,CE0C,7,1,0x02,ptr_scan
F620,7,standalone,F620,7,F620,7,4,0x02,ptr_scan
F621,7,standalone,F621,7,F621,7,1,0x02,ptr_scan
D014,7,secondary,CF8A,7,CF8A,7,1,0x02,ptr_scan
D015,7,secondary,CF8A,7,CF8A,7,1,0x02,ptr_scan
F66C,7,standalone,F66C,7,F66C,7,3,0x02,ptr_scan
DE08,7,secondary,CF8A,7,CF8A,7,1,0x02,ptr_scan
E9C8,7,secondary,E449,7,E449,7,1,0x02,ptr_scan
E9C9,7,standalone,E9C9,7,E9C9,7,1,0x02,ptr_scan
CD60,7,standalone,CD60,7,CD60,7,1,0x02,ptr_scan
CD61,7,secondary,CD38,7,CD38,7,1,0x02,ptr_scan
DB39,7,secondary,CF8A,7,CF8A,7,2,0x22,ptr_scan|xbank
DB3A,7,standalone,DB3A,7,DB3A,7,1,0x02,ptr_scan
F749,7,standalone,F749,7,F749,7,2,0x22,ptr_scan|xbank
F74A,7,standalone,F74A,7,F74A,7,1,0x02,ptr_scan
EB20,7,standalone,EB20,7,EB20,7,1,0x02,ptr_scan
CDEB,7,standalone,CDEB,7,CDEB,7,2,0x02,ptr_scan
CDEC,7,standalone,CDEC,7,CDEC,7,1,0x02,ptr_scan
E220,7,secondary,E1EE,7,E1EE,7,1,0x02,ptr_scan
E221,7,standalone,E221,7,E221,7,1,0x02,ptr_scan
F7E2,7,standalone,F7E2,7,F7E2,7,3,0x02,ptr_scan
F7E3,7,standalone,F7E3,7,F7E3,7,1,0x02,ptr_scan
D05D,7,secondary,CF8A,7,CF8A,7,52,0x06,ptr_scan|table_run
D05E,7,standalone,D05E,7,D05E,7,1,0x02,ptr_scan
EE80,7,standalone,EE80,7,EE80,7,1,0x02,ptr_scan
EE81,7,secondary,EE2C,7,EE2C,7,1,0x02,ptr_scan
D124,7,secondary,CF8A,7,CF8A,7,9,0x26,ptr_scan|table_run|xbank
D125,7,secondary,CF8A,7,CF8A,7,1,0x02,ptr_scan
D0A9,7,secondary,CF8A,7,CF8A,7,1,0x02,ptr_scan
D0AA,7,standalone,D0AA,7,D0AA,7,1,0x02,ptr_scan
F034,7,standalone,F034,7,F034,7,1,0x02,ptr_scan
CE7B,7,standalone,CE7B,7,CE7B,7,1,0x02,ptr_scan
CE7C,7,standalone,CE7C,7,CE7C,7,1,0x02,ptr_scan
F8BA,7,standalone,F8BA,7,F8BA,7,7,0x02,ptr_scan
F8BB,7,standalone,F8BB,7,F8BB,7,1,0x02,ptr_scan
F010,7,standalone,F010,7,F010,7,1,0x02,ptr_scan
F082,7,standalone,F082,7,F082,7,1,0x02,ptr_scan
EE78,7,secondary,EE2C,7,EE2C,7,1,0x02,ptr_scan
EE79,7,standalone,EE79,7,EE79,7,1,0x02,ptr_scan
DBEF,7,secondary,CF8A,7,CF8A,7,1,0x02,ptr_scan
FFDB,7,secondary,FFDA,7,FFDA,7,1,0x02,ptr_scan
EA33,7,secondary,E449,7,E449,7,1,0x02,ptr_scan
EA34,7,standalone,EA34,7,EA34,7,1,0x02,ptr_scan
E123,7,secondary,E122,7,E122,7,1,0x02,ptr_scan
DAE1,7,standalone,DAE1,7,DAE1,7,1,0x02,ptr_scan
DAE2,7,secondary,CF8A,7,CF8A,7,1,0x02,ptr_scan
EDFF,7,secondary,E449,7,E449,7,1,0x02,ptr_scan
D077,7,secondary,CF8A,7,CF8A,7,1,0x02,ptr_scan
B6AD,0,standalone,B6AD,0,B6AD,0,1,0x20,xbank
B6AD,1,standalone,B6AD,1,B6AD,1,1,0x20,xbank
B6AD,2,standalone,B6AD,2,B6AD,2,1,0x20,xbank
B6AD,3,standalone,B6AD,3,B6AD,3,1,0x20,xbank
B6AD,4,standalone,B6AD,4,B6AD,4,1,0x20,xbank
B6AD,5,standalone,B6AD,5,B6AD,5,1,0x20,xbank
B6AD,6,standalone,B6AD,6,B6AD,6,1,0x20,xbank
BFAD,0,standalone,BFAD,0,BFAD,0,1,0x20,xbank
BFAD,1,standalone,BFAD,1,BFAD,1,1,0x20,xbank
BFAD,2,standalone,BFAD,2,BFAD,2,1,0x20,xbank
BFAD,3,standalone,BFAD,3,BFAD,3,1,0x20,xbank
BFAD,4,standalone,BFAD,4,BFAD,4,1,0x20,xbank
BFAD,5,standalone,BFAD,5,BFAD,5,1,0x20,xbank
BFAD,6,standalone,BFAD,6,BFAD,6,1,0x20,xbank
89B4,0,standalone,89B4,0,89B4,0,7,0x20,xbank
89B4,1,standalone,89B4,1,89B4,1,7,0x20,xbank
89B4,2,standalone,89B4,2,89B4,2,7,0x20,xbank
89B4,3,standalone,89B4,3,89B4,3,7,0x20,xbank
89B4,4,standalone,89B4,4,89B4,4,7,0x20,xbank
89B4,5,standalone,89B4,5,89B4,5,7,0x20,xbank
89B4,6,standalone,89B4,6,89B4,6,7,0x20,xbank
9358,0,standalone,9358,0,9358,0,8,0x20,xbank
9358,1,standalone,9358,1,9358,1,8,0x20,xbank
9358,2,standalone,9358,2,9358,2,8,0x20,xbank
9358,3,standalone,9358,3,9358,3,8,0x20,xbank
9358,4,standalone,9358,4,9358,4,8,0x20,xbank
9358,5,standalone,9358,5,9358,5,8,0x20,xbank
9358,6,standalone,9358,6,9358,6,8,0x20,xbank
E27C,7,standalone,E27C,7,E27C,7,2,0x02,ptr_scan
ACD9,0,standalone,ACD9,0,ACD9,0,32,0x24,table_run|xbank
ACD9,1,standalone,ACD9,1,ACD9,1,30,0x20,xbank
ACD9,2,standalone,ACD9,2,ACD9,2,30,0x20,xbank
ACD9,3,standalone,ACD9,3,ACD9,3,30,0x20,xbank
ACD9,4,standalone,ACD9,4,ACD9,4,30,0x20,xbank
ACD9,5,standalone,ACD9,5,ACD9,5,30,0x20,xbank
ACD9,6,standalone,ACD9,6,ACD9,6,30,0x20,xbank
8148,0,standalone,8148,0,8148,0,13,0x20,xbank
8148,1,standalone,8148,1,8148,1,13,0x20,xbank
8148,2,standalone,8148,2,8148,2,13,0x20,xbank
8148,3,standalone,8148,3,8148,3,13,0x20,xbank
8148,4,standalone,8148,4,8148,4,13,0x20,xbank
8148,5,standalone,8148,5,8148,5,13,0x20,xbank
8148,6,standalone,8148,6,8148,6,13,0x20,xbank
AAAD,0,standalone,AAAD,0,AAAD,0,1,0x20,xbank
AAAD,1,standalone,AAAD,1,AAAD,1,1,0x20,xbank
AAAD,2,standalone,AAAD,2,AAAD,2,1,0x20,xbank
AAAD,3,standalone,AAAD,3,AAAD,3,1,0x20,xbank
AAAD,4,standalone,AAAD,4,AAAD,4,1,0x20,xbank
AAAD,5,standalone,AAAD,5,AAAD,5,1,0x20,xbank
AAAD,6,standalone,AAAD,6,AAAD,6,1,0x20,xbank
FDAD,7,standalone,FDAD,7,FDAD,7,1,0x02,ptr_scan
90AD,0,standalone,90AD,0,90AD,0,1,0x20,xbank
90AD,1,standalone,90AD,1,90AD,1,1,0x20,xbank
90AD,2,standalone,90AD,2,90AD,2,1,0x20,xbank
90AD,3,standalone,90AD,3,90AD,3,1,0x20,xbank
90AD,4,standalone,90AD,4,90AD,4,1,0x20,xbank
90AD,5,standalone,90AD,5,90AD,5,1,0x20,xbank
90AD,6,standalone,90AD,6,90AD,6,1,0x20,xbank
E35A,7,standalone,E35A,7,E35A,7,1,0x02,ptr_scan
9910,0,standalone,9910,0,9910,0,3,0x20,xbank
9910,1,standalone,9910,1,9910,1,3,0x20,xbank
9910,2,standalone,9910,2,9910,2,3,0x20,xbank
9910,3,standalone,9910,3,9910,3,3,0x20,xbank
9910,4,standalone,9910,4,9910,4,3,0x20,xbank
9910,5,standalone,9910,5,9910,5,3,0x20,xbank
9910,6,standalone,9910,6,9910,6,3,0x20,xbank
ADD3,0,standalone,ADD3,0,ADD3,0,3,0x20,xbank
ADD3,1,standalone,ADD3,1,ADD3,1,3,0x20,xbank
ADD3,2,standalone,ADD3,2,ADD3,2,3,0x20,xbank
ADD3,3,standalone,ADD3,3,ADD3,3,3,0x20,xbank
ADD3,4,standalone,ADD3,4,ADD3,4,3,0x20,xbank
ADD3,5,standalone,ADD3,5,ADD3,5,3,0x20,xbank
ADD3,6,standalone,ADD3,6,ADD3,6,3,0x20,xbank
853E,0,standalone,853E,0,853E,0,2,0x20,xbank
853E,1,standalone,853E,1,853E,1,2,0x20,xbank
853E,2,standalone,853E,2,853E,2,2,0x20,xbank
853E,3,standalone,853E,3,853E,3,2,0x20,xbank
853E,4,standalone,853E,4,853E,4,2,0x20,xbank
853E,5,standalone,853E,5,853E,5,2,0x20,xbank
853E,6,standalone,853E,6,853E,6,2,0x20,xbank
D0DA,7,secondary,CF8A,7,CF8A,7,3,0x02,ptr_scan
CFEA,7,standalone,CFEA,7,CFEA,7,1,0x02,ptr_scan
BEAD,0,standalone,BEAD,0,BEAD,0,1,0x20,xbank
BEAD,1,standalone,BEAD,1,BEAD,1,1,0x20,xbank
BEAD,2,standalone,BEAD,2,BEAD,2,1,0x20,xbank
BEAD,3,standalone,BEAD,3,BEAD,3,1,0x20,xbank
BEAD,4,standalone,BEAD,4,BEAD,4,1,0x20,xbank
BEAD,5,standalone,BEAD,5,BEAD,5,1,0x20,xbank
BEAD,6,standalone,BEAD,6,BEAD,6,1,0x20,xbank
EAAD,7,standalone,EAAD,7,EAAD,7,1,0x02,ptr_scan
D0B8,7,secondary,CF8A,7,CF8A,7,1,0x02,ptr_scan
C3AD,7,standalone,C3AD,7,C3AD,7,1,0x02,ptr_scan
AC6C,0,standalone,AC6C,0,AC6C,0,7,0x20,xbank
AC6C,1,standalone,AC6C,1,AC6C,1,7,0x20,xbank
AC6C,2,standalone,AC6C,2,AC6C,2,7,0x20,xbank
AC6C,3,standalone,AC6C,3,AC6C,3,7,0x20,xbank
AC6C,4,standalone,AC6C,4,AC6C,4,7,0x20,xbank
AC6C,5,standalone,AC6C,5,AC6C,5,7,0x20,xbank
AC6C,6,standalone,AC6C,6,AC6C,6,7,0x20,xbank
CCF2,7,secondary,CCA8,7,CCA8,7,2,0x02,ptr_scan
D3AD,7,secondary,CF8A,7,CF8A,7,1,0x02,ptr_scan
D1B8,7,secondary,CF8A,7,CF8A,7,2,0x02,ptr_scan
D02B,7,standalone,D02B,7,D02B,7,1,0x02,ptr_scan
84AD,0,standalone,84AD,0,84AD,0,1,0x20,xbank
84AD,1,standalone,84AD,1,84AD,1,1,0x20,xbank
84AD,2,standalone,84AD,2,84AD,2,1,0x20,xbank
84AD,3,standalone,84AD,3,84AD,3,1,0x20,xbank
84AD,4,standalone,84AD,4,84AD,4,1,0x20,xbank
84AD,5,standalone,84AD,5,84AD,5,1,0x20,xbank
84AD,6,standalone,84AD,6,84AD,6,1,0x20,xbank
D87F,7,secondary,CF8A,7,CF8A,7,22,0x02,ptr_scan
B4A5,0,standalone,B4A5,0,B4A5,0,1,0x20,xbank
B4A5,1,standalone,B4A5,1,B4A5,1,1,0x20,xbank
B4A5,2,standalone,B4A5,2,B4A5,2,1,0x20,xbank
B4A5,3,standalone,B4A5,3,B4A5,3,1,0x20,xbank
B4A5,4,standalone,B4A5,4,B4A5,4,1,0x20,xbank
B4A5,5,standalone,B4A5,5,B4A5,5,1,0x20,xbank
B4A5,6,standalone,B4A5,6,B4A5,6,1,0x20,xbank
CDB7,7,secondary,CDB4,7,CDB4,7,5,0x02,ptr_scan
CD09,7,secondary,CCA8,7,CCA8,7,1,0x02,ptr_scan
FFFF,7,standalone,FFFF,7,FFFF,7,2,0x02,ptr_scan
86AD,0,standalone,86AD,0,86AD,0,1,0x20,xbank
86AD,2,standalone,86AD,2,86AD,2,1,0x20,xbank
86AD,3,standalone,86AD,3,86AD,3,1,0x20,xbank
86AD,4,standalone,86AD,4,86AD,4,1,0x20,xbank
86AD,5,standalone,86AD,5,86AD,5,1,0x20,xbank
86AD,6,standalone,86AD,6,86AD,6,1,0x20,xbank
D095,7,standalone,D095,7,D095,7,1,0x02,ptr_scan
82AD,0,standalone,82AD,0,82AD,0,1,0x20,xbank
82AD,1,standalone,82AD,1,82AD,1,1,0x20,xbank
82AD,2,standalone,82AD,2,82AD,2,1,0x20,xbank
82AD,3,standalone,82AD,3,82AD,3,1,0x20,xbank
82AD,4,standalone,82AD,4,82AD,4,1,0x20,xbank
82AD,5,standalone,82AD,5,82AD,5,1,0x20,xbank
82AD,6,standalone,82AD,6,82AD,6,1,0x20,xbank
D4BF,7,standalone,D4BF,7,D4BF,7,1,0x02,ptr_scan
A3FB,0,standalone,A3FB,0,A3FB,0,4,0x24,table_run|xbank
A3FB,1,standalone,A3FB,1,A3FB,1,3,0x20,xbank
A3FB,2,standalone,A3FB,2,A3FB,2,3,0x20,xbank
A3FB,3,standalone,A3FB,3,A3FB,3,3,0x20,xbank
A3FB,4,standalone,A3FB,4,A3FB,4,3,0x20,xbank
A3FB,5,standalone,A3FB,5,A3FB,5,3,0x20,xbank
A3FB,6,standalone,A3FB,6,A3FB,6,3,0x20,xbank
ADE5,0,standalone,ADE5,0,ADE5,0,4,0x20,xbank
ADE5,1,standalone,ADE5,1,ADE5,1,4,0x20,xbank
ADE5,2,standalone,ADE5,2,ADE5,2,4,0x20,xbank
ADE5,3,standalone,ADE5,3,ADE5,3,4,0x20,xbank
ADE5,4,standalone,ADE5,4,ADE5,4,4,0x20,xbank
ADE5,5,standalone,ADE5,5,ADE5,5,4,0x20,xbank
ADE5,6,standalone,ADE5,6,ADE5,6,4,0x20,xbank
DD54,7,secondary,CF8A,7,CF8A,7,1,0x02,ptr_scan
E381,7,standalone,E381,7,E381,7,1,0x02,ptr_scan
87AD,0,standalone,87AD,0,87AD,0,1,0x20,xbank
87AD,1,standalone,87AD,1,87AD,1,1,0x20,xbank
87AD,2,standalone,87AD,2,87AD,2,1,0x20,xbank
87AD,3,standalone,87AD,3,87AD,3,1,0x20,xbank
87AD,4,standalone,87AD,4,87AD,4,1,0x20,xbank
87AD,5,standalone,87AD,5,87AD,5,1,0x20,xbank
87AD,6,standalone,87AD,6,87AD,6,1,0x20,xbank
AB29,0,standalone,AB29,0,AB29,0,9,0x20,xbank
AB29,1,standalone,AB29,1,AB29,1,9,0x20,xbank
AB29,2,standalone,AB29,2,AB29,2,9,0x20,xbank
AB29,3,standalone,AB29,3,AB29,3,9,0x20,xbank
AB29,4,standalone,AB29,4,AB29,4,9,0x20,xbank
AB29,5,standalone,AB29,5,AB29,5,9,0x20,xbank
AB29,6,standalone,AB29,6,AB29,6,9,0x20,xbank
8061,0,standalone,8061,0,8061,0,15,0x24,table_run|xbank
8061,1,standalone,8061,1,8061,1,7,0x20,xbank
8061,2,standalone,8061,2,8061,2,7,0x20,xbank
8061,3,standalone,8061,3,8061,3,7,0x20,xbank
8061,4,standalone,8061,4,8061,4,7,0x20,xbank
8061,5,standalone,8061,5,8061,5,7,0x20,xbank
8061,6,standalone,8061,6,8061,6,7,0x20,xbank
C385,7,standalone,C385,7,C385,7,1,0x02,ptr_scan
C24C,7,standalone,C24C,7,C24C,7,1,0x02,ptr_scan
F002,7,standalone,F002,7,F002,7,1,0x02,ptr_scan
AB09,0,standalone,AB09,0,AB09,0,1,0x20,xbank
AB09,1,standalone,AB09,1,AB09,1,1,0x20,xbank
AB09,2,standalone,AB09,2,AB09,2,1,0x20,xbank
AB09,3,standalone,AB09,3,AB09,3,1,0x20,xbank
AB09,4,standalone,AB09,4,AB09,4,1,0x20,xbank
AB09,5,standalone,AB09,5,AB09,5,1,0x20,xbank
AB09,6,standalone,AB09,6,AB09,6,1,0x20,xbank
F3EF,7,standalone,F3EF,7,F3EF,7,5,0x02,ptr_scan
D8EE,7,secondary,CF8A,7,CF8A,7,1,0x02,ptr_scan
D8E2,7,secondary,CF8A,7,CF8A,7,4,0x02,ptr_scan
CD9B,7,standalone,CD9B,7,CD9B,7,2,0x02,ptr_scan
F66B,7,standalone,F66B,7,F66B,7,1,0x02,ptr_scan
ADC3,0,standalone,ADC3,0,ADC3,0,9,0x24,table_run|xbank
ADC3,1,standalone,ADC3,1,ADC3,1,1,0x20,xbank
ADC3,2,standalone,ADC3,2,ADC3,2,1,0x20,xbank
ADC3,3,standalone,ADC3,3,ADC3,3,1,0x20,xbank
ADC3,4,standalone,ADC3,4,ADC3,4,1,0x20,xbank
ADC3,5,standalone,ADC3,5,ADC3,5,1,0x20,xbank
ADC3,6,standalone,ADC3,6,ADC3,6,1,0x20,xbank
8A40,0,standalone,8A40,0,8A40,0,3,0x24,table_run|xbank
8A73,0,standalone,8A73,0,8A73,0,8,0x24,table_run|xbank
8C6D,0,standalone,8C6D,0,8C6D,0,15,0x24,table_run|xbank
8C4C,0,standalone,8C4C,0,8C4C,0,12,0x24,table_run|xbank
8C7F,0,standalone,8C7F,0,8C7F,0,50,0x24,table_run|xbank
8ACE,0,standalone,8ACE,0,8ACE,0,7,0x24,table_run|xbank
8C39,0,standalone,8C39,0,8C39,0,38,0x24,table_run|xbank
8CB0,0,standalone,8CB0,0,8CB0,0,29,0x24,table_run|xbank
8CDA,0,standalone,8CDA,0,8CDA,0,22,0x24,table_run|xbank
8D33,0,standalone,8D33,0,8D33,0,16,0x24,table_run|xbank
8D8C,0,standalone,8D8C,0,8D8C,0,31,0x24,table_run|xbank
8BFE,0,standalone,8BFE,0,8BFE,0,55,0x24,table_run|xbank
8A8A,0,standalone,8A8A,0,8A8A,0,9,0x24,table_run|xbank
8970,1,standalone,8970,1,8970,1,2,0x20,xbank
8086,0,standalone,8086,0,8086,0,3,0x20,xbank
937A,0,standalone,937A,0,937A,0,1,0x20,xbank
A3B0,0,standalone,A3B0,0,A3B0,0,26,0x24,table_run|xbank
940D,0,standalone,940D,0,940D,0,2,0x20,xbank
A771,0,standalone,A771,0,A771,0,19,0x24,table_run|xbank
9487,0,standalone,9487,0,9487,0,3,0x20,xbank
97E7,0,standalone,97E7,0,97E7,0,20,0x20,xbank
94C9,0,standalone,94C9,0,94C9,0,5,0x20,xbank
955A,0,standalone,955A,0,955A,0,6,0x20,xbank
97D8,0,standalone,97D8,0,97D8,0,15,0x20,xbank
9548,0,standalone,9548,0,9548,0,10,0x20,xbank
97CB,0,standalone,97CB,0,97CB,0,7,0x20,xbank
97DB,0,standalone,97DB,0,97DB,0,21,0x20,xbank
97A5,0,standalone,97A5,0,97A5,0,21,0x20,xbank
9616,0,standalone,9616,0,9616,0,14,0x20,xbank
9652,0,standalone,9652,0,9652,0,9,0x20,xbank
962D,0,standalone,962D,0,962D,0,10,0x20,xbank
ACB9,0,standalone,ACB9,0,ACB9,0,8,0x20,xbank
AD1E,0,standalone,AD1E,0,AD1E,0,3,0x20,xbank
8586,0,standalone,8586,0,8586,0,1,0x20,xbank
81FD,0,standalone,81FD,0,81FD,0,1,0x20,xbank
C5AF,7,standalone,C5AF,7,C5AF,7,1,0x20,xbank
9DAE,0,standalone,9DAE,0,9DAE,0,1,0x20,xbank
9D03,0,standalone,9D03,0,9D03,0,4,0x24,table_run|xbank
9BCC,0,standalone,9BCC,0,9BCC,0,13,0x24,table_run|xbank
9A0E,0,standalone,9A0E,0,9A0E,0,4,0x24,table_run|xbank
9BDE,0,standalone,9BDE,0,9BDE,0,54,0x24,table_run|xbank
9A79,0,standalone,9A79,0,9A79,0,6,0x24,table_run|xbank
9E44,0,standalone,9E44,0,9E44,0,15,0x24,table_run|xbank
9BF0,0,standalone,9BF0,0,9BF0,0,7,0x24,table_run|xbank
DC12,7,standalone,DC12,7,DC12,7,2,0x20,xbank
F71D,7,standalone,F71D,7,F71D,7,3,0x24,table_run|xbank
A37A,1,standalone,A37A,1,A37A,1,3,0x24,table_run|xbank
C810,7,standalone,C810,7,C810,7,2,0x20,xbank
89A5,0,standalone,89A5,0,89A5,0,2,0x20,xbank
8504,1,standalone,8504,1,8504,1,6,0x20,xbank
8506,1,standalone,8506,1,8506,1,5,0x20,xbank
8508,1,standalone,8508,1,8508,1,4,0x20,xbank
850A,1,standalone,850A,1,850A,1,3,0x20,xbank
851C,1,standalone,851C,1,851C,1,2,0x20,xbank
ACA9,0,standalone,ACA9,0,ACA9,0,1,0x20,xbank
84BB,0,standalone,84BB,0,84BB,0,3,0x24,table_run|xbank
AB72,0,standalone,AB72,0,AB72,0,1,0x20,xbank
AB97,0,standalone,AB97,0,AB97,0,2,0x20,xbank
C1FA,7,standalone,C1FA,7,C1FA,7,2,0x02,ptr_scan
C20A,7,standalone,C20A,7,C20A,7,1,0x02,ptr_scan
E666,7,standalone,E666,7,E666,7,2,0x02,ptr_scan
F070,7,standalone,F070,7,F070,7,1,0x02,ptr_scan
8128,0,standalone,8128,0,8128,0,1,0x20,xbank
8128,1,standalone,8128,1,8128,1,1,0x20,xbank
8128,2,standalone,8128,2,8128,2,1,0x20,xbank
8128,3,standalone,8128,3,8128,3,1,0x20,xbank
8128,4,standalone,8128,4,8128,4,1,0x20,xbank
8128,5,standalone,8128,5,8128,5,1,0x20,xbank
8128,6,standalone,8128,6,8128,6,1,0x20,xbank
8883,0,standalone,8883,0,8883,0,6,0x24,table_run|xbank
8953,1,standalone,8953,1,8953,1,1,0x20,xbank
A3DA,0,standalone,A3DA,0,A3DA,0,3,0x24,table_run|xbank
9491,0,standalone,9491,0,9491,0,1,0x20,xbank
97BE,0,standalone,97BE,0,97BE,0,3,0x20,xbank
AD62,0,standalone,AD62,0,AD62,0,3,0x20,xbank
99D7,0,standalone,99D7,0,99D7,0,1,0x20,xbank
9A42,0,standalone,9A42,0,9A42,0,1,0x20,xbank
84FA,0,standalone,84FA,0,84FA,0,2,0x20,xbank
C1CD,7,standalone,C1CD,7,C1CD,7,1,0x02,ptr_scan
C1DD,7,standalone,C1DD,7,C1DD,7,1,0x02,ptr_scan
C1FB,7,standalone,C1FB,7,C1FB,7,1,0x02,ptr_scan
8882,0,standalone,8882,0,8882,0,1,0x20,xbank
8926,0,standalone,8926,0,8926,0,5,0x24,table_run|xbank
8918,0,standalone,8918,0,8918,0,5,0x24,table_run|xbank
893C,1,standalone,893C,1,893C,1,1,0x20,xbank
8521,0,standalone,8521,0,8521,0,14,0x24,table_run|xbank
C1C7,7,standalone,C1C7,7,C1C7,7,1,0x02,ptr_scan
C184,7,standalone,C184,7,C184,7,3,0x02,ptr_scan
88FC,1,standalone,88FC,1,88FC,1,1,0x20,xbank
88D3,1,standalone,88D3,1,88D3,1,2,0x20,xbank
852D,0,standalone,852D,0,852D,0,10,0x24,table_run|xbank
F86C,7,standalone,F86C,7,F86C,7,1,0x02,ptr_scan
F01E,7,secondary,EFD1,7,EFD1,7,1,0x02,ptr_scan
E129,7,secondary,E122,7,E122,7,1,0x02,ptr_scan
F6F0,7,secondary,F6B3,7,F6B3,7,1,0x02,ptr_scan
D2D1,7,standalone,D2D1,7,D2D1,7,1,0x02,ptr_scan
E1E0,7,standalone,E1E0,7,E1E0,7,1,0x02,ptr_scan
E2E1,7,standalone,E2E1,7,E2E1,7,1,0x02,ptr_scan
E3E2,7,standalone,E3E2,7,E3E2,7,1,0x02,ptr_scan
E4E3,7,secondary,E449,7,E449,7,1,0x02,ptr_scan
E5E4,7,standalone,E5E4,7,E5E4,7,1,0x02,ptr_scan
E7E6,7,secondary,E449,7,E449,7,1,0x02,ptr_scan
E2E7,7,standalone,E2E7,7,E2E7,7,1,0x02,ptr_scan
CECD,7,standalone,CECD,7,CECD,7,1,0x02,ptr_scan
DC00,7,secondary,CF8A,7,CF8A,7,1,0x02,ptr_scan
DDDC,7,secondary,CF8A,7,CF8A,7,1,0x02,ptr_scan
EDEC,7,secondary,E449,7,E449,7,1,0x02,ptr_scan
CD8D,7,standalone,CD8D,7,CD8D,7,1,0x02,ptr_scan
CF8D,7,secondary,CF8A,7,CF8A,7,1,0x02,ptr_scan
D08D,7,secondary,CF8A,7,CF8A,7,1,0x02,ptr_scan
E3D2,7,standalone,E3D2,7,E3D2,7,1,0x02,ptr_scan
E0B2,7,standalone,E0B2,7,E0B2,7,1,0x02,ptr_scan
F0C2,7,standalone,F0C2,7,F0C2,7,1,0x02,ptr_scan
CCCB,7,secondary,CCA8,7,CCA8,7,1,0x02,ptr_scan
CDC9,7,standalone,CDC9,7,CDC9,7,1,0x02,ptr_scan
CFCE,7,secondary,CF8A,7,CF8A,7,1,0x02,ptr_scan
F2D0,7,standalone,F2D0,7,F2D0,7,1,0x02,ptr_scan
F4A9,7,standalone,F4A9,7,F4A9,7,1,0x02,ptr_scan
ED7D,7,secondary,E449,7,E449,7,1,0x02,ptr_scan
ED9D,7,standalone,ED9D,7,ED9D,7,1,0x02,ptr_scan
CE4C,7,secondary,CE02,7,CE02,7,1,0x02,ptr_scan
DA20,7,secondary,CF8A,7,CF8A,7,1,0x02,ptr_scan
F0A6,7,standalone,F0A6,7,F0A6,7,1,0x02,ptr_scan
D1B7,7,standalone,D1B7,7,D1B7,7,1,0x02,ptr_scan
E2D3,7,standalone,E2D3,7,E2D3,7,1,0x02,ptr_scan
F2E3,7,standalone,F2E3,7,F2E3,7,1,0x02,ptr_scan
F3F2,7,standalone,F3F2,7,F3F2,7,1,0x02,ptr_scan
F4E5,7,standalone,F4E5,7,F4E5,7,1,0x02,ptr_scan
D9D8,7,secondary,CF8A,7,CF8A,7,1,0x02,ptr_scan
E8D9,7,secondary,E449,7,E449,7,1,0x02,ptr_scan
E9E8,7,standalone,E9E8,7,E9E8,7,1,0x02,ptr_scan
DCBD,7,standalone,DCBD,7,DCBD,7,1,0x02,ptr_scan
DDBD,7,standalone,DDBD,7,DDBD,7,1,0x02,ptr_scan
DEBD,7,secondary,CF8A,7,CF8A,7,1,0x02,ptr_scan
DDEE,7,standalone,DDEE,7,DDEE,7,1,0x02,ptr_scan
ED8D,7,standalone,ED8D,7,ED8D,7,1,0x02,ptr_scan
EF8D,7,standalone,EF8D,7,EF8D,7,1,0x02,ptr_scan
F08D,7,standalone,F08D,7,F08D,7,1,0x02,ptr_scan
EB8D,7,standalone,EB8D,7,EB8D,7,1,0x02,ptr_scan
F18D,7,standalone,F18D,7,F18D,7,1,0x02,ptr_scan
F1CE,7,standalone,F1CE,7,F1CE,7,1,0x02,ptr_scan
EBD0,7,standalone,EBD0,7,EBD0,7,1,0x02,ptr_scan
EDA9,7,secondary,E449,7,E449,7,1,0x02,ptr_scan
F48D,7,standalone,F48D,7,F48D,7,1,0x02,ptr_scan
D0C9,7,secondary,CF8A,7,CF8A,7,1,0x02,ptr_scan
F5F0,7,standalone,F5F0,7,F5F0,7,1,0x02,ptr_scan
D8B9,7,standalone,D8B9,7,D8B9,7,1,0x02,ptr_scan
CD85,7,secondary,CD38,7,CD38,7,1,0x02,ptr_scan
CF85,7,secondary,CF7F,7,CF7F,7,1,0x02,ptr_scan
E692,7,secondary,E449,7,E449,7,1,0x02,ptr_scan
CFA5,7,secondary,CF8A,7,CF8A,7,1,0x02,ptr_scan
D186,7,secondary,CF8A,7,CF8A,7,1,0x02,ptr_scan
F097,7,standalone,F097,7,F097,7,1,0x02,ptr_scan
D03E,7,secondary,CF8A,7,CF8A,7,1,0x02,ptr_scan
DB20,7,secondary,CF8A,7,CF8A,7,1,0x02,ptr_scan
E8A9,7,secondary,E449,7,E449,7,1,0x02,ptr_scan
F101,7,standalone,F101,7,F101,7,1,0x02,ptr_scan
E309,7,standalone,E309,7,E309,7,1,0x02,ptr_scan
E535,7,secondary,E449,7,E449,7,1,0x02,ptr_scan
DAD9,7,standalone,DAD9,7,DAD9,7,1,0x02,ptr_scan
DBDA,7,secondary,CF8A,7,CF8A,7,1,0x02,ptr_scan
DCDB,7,secondary,CF8A,7,CF8A,7,1,0x02,ptr_scan
E5DC,7,standalone,E5DC,7,E5DC,7,1,0x02,ptr_scan
E6E5,7,standalone,E6E5,7,E6E5,7,1,0x02,ptr_scan
ECEB,7,secondary,E449,7,E449,7,1,0x02,ptr_scan
E5EC,7,secondary,E449,7,E449,7,1,0x02,ptr_scan
DFDE,7,standalone,DFDE,7,DFDE,7,1,0x02,ptr_scan
ED02,7,secondary,E449,7,E449,7,1,0x02,ptr_scan
EFEE,7,secondary,EFD1,7,EFD1,7,1,0x02,ptr_scan
E5FE,7,secondary,E449,7,E449,7,1,0x02,ptr_scan
F622,7,standalone,F622,7,F622,7,1,0x02,ptr_scan
D300,7,standalone,D300,7,D300,7,1,0x02,ptr_scan
CE29,7,secondary,CE02,7,CE02,7,1,0x02,ptr_scan
F05A,7,standalone,F05A,7,F05A,7,1,0x02,ptr_scan
D0B0,7,standalone,D0B0,7,D0B0,7,1,0x02,ptr_scan
EA7C,7,standalone,EA7C,7,EA7C,7,1,0x02,ptr_scan
DCCE,7,standalone,DCCE,7,DCCE,7,1,0x02,ptr_scan
ECDE,7,secondary,E449,7,E449,7,1,0x02,ptr_scan
EBEB,7,secondary,E449,7,E449,7,1,0x02,ptr_scan
EA95,7,secondary,E449,7,E449,7,1,0x02,ptr_scan
DFB5,7,standalone,DFB5,7,DFB5,7,1,0x02,ptr_scan
D1D0,7,secondary,CF8A,7,CF8A,7,1,0x02,ptr_scan
EA9B,7,secondary,E449,7,E449,7,1,0x02,ptr_scan
CFAB,7,secondary,CF8A,7,CF8A,7,1,0x02,ptr_scan
DFBB,7,standalone,DFBB,7,DFBB,7,1,0x02,ptr_scan
EA35,7,standalone,EA35,7,EA35,7,1,0x02,ptr_scan
CF45,7,standalone,CF45,7,CF45,7,1,0x02,ptr_scan
DF55,7,secondary,CF8A,7,CF8A,7,1,0x02,ptr_scan
EF65,7,secondary,EE2C,7,EE2C,7,1,0x02,ptr_scan
EB60,7,standalone,EB60,7,EB60,7,1,0x02,ptr_scan
EAAF,7,secondary,E449,7,E449,7,1,0x02,ptr_scan
EFDF,7,secondary,EFD1,7,EFD1,7,1,0x02,ptr_scan
F00E,7,standalone,F00E,7,F00E,7,1,0x02,ptr_scan
EBF4,7,secondary,E449,7,E449,7,1,0x02,ptr_scan
EA7E,7,standalone,EA7E,7,EA7E,7,1,0x02,ptr_scan
E0EA,7,secondary,E0D5,7,E0D5,7,1,0x02,ptr_scan
E3A9,7,standalone,E3A9,7,E3A9,7,1,0x02,ptr_scan
F669,7,standalone,F669,7,F669,7,1,0x02,ptr_scan
EAA9,7,secondary,E449,7,E449,7,1,0x02,ptr_scan
F5A9,7,standalone,F5A9,7,F5A9,7,1,0x02,ptr_scan
DB56,7,secondary,CF8A,7,CF8A,7,1,0x02,ptr_scan
F781,7,standalone,F781,7,F781,7,1,0x02,ptr_scan
F831,7,standalone,F831,7,F831,7,1,0x02,ptr_scan
DC10,7,secondary,CF8A,7,CF8A,7,1,0x02,ptr_scan
F0CA,7,standalone,F0CA,7,F0CA,7,1,0x02,ptr_scan
EAA5,7,standalone,EAA5,7,EAA5,7,1,0x02,ptr_scan
F7A7,7,standalone,F7A7,7,F7A7,7,1,0x02,ptr_scan
CEA4,7,secondary,CE02,7,CE02,7,1,0x02,ptr_scan
DCA5,7,standalone,DCA5,7,DCA5,7,1,0x02,ptr_scan
F7A5,7,standalone,F7A5,7,F7A5,7,1,0x02,ptr_scan
D926,7,secondary,CF8A,7,CF8A,7,1,0x02,ptr_scan
E92C,7,secondary,E449,7,E449,7,1,0x02,ptr_scan
DC31,7,secondary,CF8A,7,CF8A,7,1,0x02,ptr_scan
F520,7,standalone,F520,7,F520,7,1,0x02,ptr_scan
D9D0,7,standalone,D9D0,7,D9D0,7,1,0x02,ptr_scan
E96D,7,secondary,E449,7,E449,7,1,0x02,ptr_scan
F3A9,7,standalone,F3A9,7,F3A9,7,1,0x02,ptr_scan
D84C,7,secondary,CF8A,7,CF8A,7,1,0x02,ptr_scan
CE0A,7,standalone,CE0A,7,CE0A,7,1,0x02,ptr_scan
EEA8,7,secondary,EE2C,7,EE2C,7,1,0x02,ptr_scan
CE09,7,secondary,CE02,7,CE02,7,1,0x02,ptr_scan
F00F,7,secondary,EFD1,7,EFD1,7,1,0x02,ptr_scan
CFBD,7,secondary,CF8A,7,CF8A,7,1,0x02,ptr_scan
E076,7,standalone,E076,7,E076,7,1,0x02,ptr_scan
D849,7,secondary,CF8A,7,CF8A,7,4,0x06,ptr_scan|table_run
D024,7,secondary,CF8A,7,CF8A,7,1,0x02,ptr_scan
D543,7,secondary,CF8A,7,CF8A,7,1,0x02,ptr_scan
D582,7,secondary,CF8A,7,CF8A,7,1,0x02,ptr_scan
D4E5,7,standalone,D4E5,7,D4E5,7,2,0x06,ptr_scan|table_run
D517,7,secondary,CF8A,7,CF8A,7,2,0x06,ptr_scan|table_run
D5A9,7,secondary,CF8A,7,CF8A,7,1,0x02,ptr_scan
E0A9,7,standalone,E0A9,7,E0A9,7,1,0x02,ptr_scan
F705,7,standalone,F705,7,F705,7,1,0x02,ptr_scan
F642,7,standalone,F642,7,F642,7,1,0x02,ptr_scan
F8C6,7,standalone,F8C6,7,F8C6,7,1,0x02,ptr_scan
D065,7,secondary,CF8A,7,CF8A,7,7,0x06,ptr_scan|table_run
DF00,7,secondary,CF8A,7,CF8A,7,1,0x02,ptr_scan
F70A,7,secondary,F6FF,7,F6FF,7,1,0x02,ptr_scan
F8FC,7,standalone,F8FC,7,F8FC,7,1,0x02,ptr_scan
F6B6,7,standalone,F6B6,7,F6B6,7,1,0x02,ptr_scan
F542,7,standalone,F542,7,F542,7,1,0x02,ptr_scan
F5F5,7,standalone,F5F5,7,F5F5,7,1,0x02,ptr_scan
F707,7,secondary,F6FF,7,F6FF,7,1,0x02,ptr_scan
F541,7,standalone,F541,7,F541,7,1,0x02,ptr_scan
F547,7,standalone,F547,7,F547,7,1,0x02,ptr_scan
F546,7,standalone,F546,7,F546,7,1,0x02,ptr_scan
F7F5,7,standalone,F7F5,7,F7F5,7,1,0x02,ptr_scan
DA22,7,standalone,DA22,7,DA22,7,1,0x02,ptr_scan
F600,7,standalone,F600,7,F600,7,1,0x02,ptr_scan
E022,7,secondary,CF8A,7,CF8A,7,1,0x02,ptr_scan
F800,7,standalone,F800,7,F800,7,1,0x02,ptr_scan
F0F3,7,standalone,F0F3,7,F0F3,7,1,0x02,ptr_scan
F0F0,7,standalone,F0F0,7,F0F0,7,1,0x02,ptr_scan
CFFF,7,standalone,CFFF,7,CFFF,7,1,0x02,ptr_scan
DF5F,7,secondary,CF8A,7,CF8A,7,1,0x02,ptr_scan
CF0F,7,secondary,CECF,7,CECF,7,1,0x02,ptr_scan
F3CC,7,standalone,F3CC,7,F3CC,7,1,0x02,ptr_scan
F5F7,7,standalone,F5F7,7,F5F7,7,1,0x02,ptr_scan
F65A,7,standalone,F65A,7,F65A,7,1,0x02,ptr_scan
EF20,7,secondary,EE2C,7,EE2C,7,1,0x02,ptr_scan
F663,7,standalone,F663,7,F663,7,1,0x02,ptr_scan
F820,7,standalone,F820,7,F820,7,1,0x02,ptr_scan
DB21,7,secondary,CF8A,7,CF8A,7,1,0x02,ptr_scan
CEFA,7,standalone,CEFA,7,CEFA,7,1,0x02,ptr_scan
D9F6,7,secondary,CF8A,7,CF8A,7,1,0x02,ptr_scan
F2E0,7,standalone,F2E0,7,F2E0,7,1,0x02,ptr_scan
F272,7,standalone,F272,7,F272,7,1,0x02,ptr_scan
DAD0,7,standalone,DAD0,7,DAD0,7,1,0x02,ptr_scan
F647,7,standalone,F647,7,F647,7,1,0x02,ptr_scan
E32F,7,standalone,E32F,7,E32F,7,1,0x02,ptr_scan
DEF3,7,secondary,CF8A,7,CF8A,7,1,0x02,ptr_scan
D026,7,secondary,CF8A,7,CF8A,7,1,0x02,ptr_scan
D94C,7,secondary,CF8A,7,CF8A,7,1,0x02,ptr_scan
D58D,7,standalone,D58D,7,D58D,7,1,0x02,ptr_scan
DAF2,7,secondary,CF8A,7,CF8A,7,1,0x02,ptr_scan
E25D,7,standalone,E25D,7,E25D,7,1,0x02,ptr_scan
F012,7,secondary,EFD1,7,EFD1,7,1,0x02,ptr_scan
F0A3,7,standalone,F0A3,7,F0A3,7,1,0x02,ptr_scan
EEC7,7,standalone,EEC7,7,EEC7,7,1,0x02,ptr_scan
CF29,7,secondary,CF23,7,CF23,7,1,0x02,ptr_scan
CEBB,7,secondary,CE02,7,CE02,7,1,0x02,ptr_scan
D0F0,7,standalone,D0F0,7,D0F0,7,1,0x02,ptr_scan
CE12,7,secondary,CE02,7,CE02,7,1,0x02,ptr_scan
E085,7,secondary,E083,7,E083,7,1,0x02,ptr_scan
E0E0,7,secondary,E0D5,7,E0D5,7,1,0x02,ptr_scan
E0A5,7,secondary,E099,7,E099,7,1,0x02,ptr_scan
DEA5,7,secondary,CF8A,7,CF8A,7,1,0x02,ptr_scan
E0A8,7,secondary,E099,7,E099,7,1,0x02,ptr_scan
DEF0,7,standalone,DEF0,7,DEF0,7,1,0x02,ptr_scan
E0DE,7,standalone,E0DE,7,E0DE,7,1,0x02,ptr_scan
DAF0,7,standalone,DAF0,7,DAF0,7,1,0x02,ptr_scan
E0D4,7,secondary,E0AE,7,E0AE,7,1,0x02,ptr_scan
F7BD,7,standalone,F7BD,7,F7BD,7,1,0x02,ptr_scan
EBBD,7,standalone,EBBD,7,EBBD,7,1,0x02,ptr_scan
F4DD,7,standalone,F4DD,7,F4DD,7,1,0x02,ptr_scan
F4FE,7,standalone,F4FE,7,F4FE,7,1,0x02,ptr_scan
F79D,7,standalone,F79D,7,F79D,7,1,0x02,ptr_scan
F1BD,7,standalone,F1BD,7,F1BD,7,1,0x02,ptr_scan
E006,7,standalone,E006,7,E006,7,1,0x02,ptr_scan
E007,7,standalone,E007,7,E007,7,1,0x02,ptr_scan
F7FE,7,standalone,F7FE,7,F7FE,7,1,0x02,ptr_scan
DE59,7,secondary,CF8A,7,CF8A,7,1,0x02,ptr_scan
D885,7,standalone,D885,7,D885,7,1,0x02,ptr_scan
D8B1,7,secondary,CF8A,7,CF8A,7,1,0x02,ptr_scan
DE06,7,standalone,DE06,7,DE06,7,1,0x02,ptr_scan
F0D8,7,standalone,F0D8,7,F0D8,7,1,0x02,ptr_scan
D0A1,7,secondary,CF8A,7,CF8A,7,1,0x02,ptr_scan
F0FE,7,standalone,F0FE,7,F0FE,7,1,0x02,ptr_scan
F0DC,7,standalone,F0DC,7,F0DC,7,1,0x02,ptr_scan
DC65,7,standalone,DC65,7,DC65,7,1,0x02,ptr_scan
DD65,7,standalone,DD65,7,DD65,7,1,0x02,ptr_scan
D8A5,7,standalone,D8A5,7,D8A5,7,1,0x02,ptr_scan
E0A6,7,standalone,E0A6,7,E0A6,7,1,0x02,ptr_scan
E008,7,secondary,CF8A,7,CF8A,7,1,0x02,ptr_scan
E02F,7,secondary,CF8A,7,CF8A,7,1,0x02,ptr_scan
F8C9,7,standalone,F8C9,7,F8C9,7,1,0x02,ptr_scan
D0F8,7,standalone,D0F8,7,D0F8,7,1,0x02,ptr_scan
EF29,7,secondary,EE2C,7,EE2C,7,1,0x02,ptr_scan
E0C9,7,secondary,E0AE,7,E0AE,7,1,0x02,ptr_scan
DA85,7,secondary,CF8A,7,CF8A,7,1,0x02,ptr_scan
EB9D,7,standalone,EB9D,7,EB9D,7,1,0x02,ptr_scan
E01F,7,secondary,CF8A,7,CF8A,7,1,0x02,ptr_scan
DB9D,7,standalone,DB9D,7,DB9D,7,1,0x02,ptr_scan
D8E6,7,secondary,CF8A,7,CF8A,7,1,0x02,ptr_scan
E7A5,7,secondary,E449,7,E449,7,1,0x02,ptr_scan
E665,7,secondary,E449,7,E449,7,1,0x02,ptr_scan
E706,7,standalone,E706,7,E706,7,1,0x02,ptr_scan
D0D8,7,secondary,CF8A,7,CF8A,7,1,0x02,ptr_scan
E0A3,7,secondary,E099,7,E099,7,1,0x02,ptr_scan
E646,7,standalone,E646,7,E646,7,1,0x02,ptr_scan
E37D,7,standalone,E37D,7,E37D,7,1,0x02,ptr_scan
E726,7,secondary,E449,7,E449,7,1,0x02,ptr_scan
E060,7,secondary,E000,7,E000,7,1,0x02,ptr_scan
D9E6,7,secondary,CF8A,7,CF8A,7,1,0x02,ptr_scan
D8C6,7,standalone,D8C6,7,D8C6,7,1,0x02,ptr_scan
D946,7,secondary,CF8A,7,CF8A,7,1,0x02,ptr_scan
D866,7,secondary,CF8A,7,CF8A,7,1,0x02,ptr_scan
E04F,7,standalone,E04F,7,E04F,7,1,0x02,ptr_scan
D966,7,secondary,CF8A,7,CF8A,7,1,0x02,ptr_scan
CD4C,7,secondary,CD38,7,CD38,7,1,0x02,ptr_scan
E0D8,7,secondary,E0D5,7,E0D5,7,1,0x02,ptr_scan
DD22,7,standalone,DD22,7,DD22,7,1,0x02,ptr_scan
E01A,7,secondary,CF8A,7,CF8A,7,1,0x02,ptr_scan
F00B,7,standalone,F00B,7,F00B,7,1,0x02,ptr_scan
F406,7,standalone,F406,7,F406,7,1,0x02,ptr_scan
F506,7,standalone,F506,7,F506,7,1,0x02,ptr_scan
E048,7,secondary,E000,7,E000,7,1,0x02,ptr_scan
D025,7,standalone,D025,7,D025,7,1,0x02,ptr_scan
E014,7,standalone,E014,7,E014,7,1,0x02,ptr_scan
D00E,7,secondary,CF8A,7,CF8A,7,1,0x02,ptr_scan
E009,7,standalone,E009,7,E009,7,1,0x02,ptr_scan
D09E,7,standalone,D09E,7,D09E,7,1,0x02,ptr_scan
F78D,7,standalone,F78D,7,F78D,7,1,0x02,ptr_scan
F88D,7,standalone,F88D,7,F88D,7,1,0x02,ptr_scan
E3A5,7,standalone,E3A5,7,E3A5,7,1,0x02,ptr_scan
DE65,7,standalone,DE65,7,DE65,7,1,0x02,ptr_scan
DFE6,7,secondary,CF8A,7,CF8A,7,1,0x02,ptr_scan
E284,7,standalone,E284,7,E284,7,1,0x02,ptr_scan
F410,7,standalone,F410,7,F410,7,1,0x02,ptr_scan
E2A4,7,standalone,E2A4,7,E2A4,7,1,0x02,ptr_scan
F0E3,7,standalone,F0E3,7,F0E3,7,1,0x02,ptr_scan
DD0C,7,standalone,DD0C,7,DD0C,7,1,0x02,ptr_scan
DAB1,7,standalone,DAB1,7,DAB1,7,1,0x02,ptr_scan
E4C6,7,standalone,E4C6,7,E4C6,7,1,0x02,ptr_scan
E2DD,7,standalone,E2DD,7,E2DD,7,2,0x02,ptr_scan
F4DC,7,standalone,F4DC,7,F4DC,7,1,0x02,ptr_scan
ABE0,0,standalone,ABE0,0,ABE0,0,5,0x20,xbank
ABE0,1,standalone,ABE0,1,ABE0,1,5,0x20,xbank
ABE0,2,standalone,ABE0,2,ABE0,2,5,0x20,xbank
ABE0,3,standalone,ABE0,3,ABE0,3,5,0x20,xbank
ABE0,4,standalone,ABE0,4,ABE0,4,5,0x20,xbank
ABE0,5,standalone,ABE0,5,ABE0,5,5,0x20,xbank
ABE0,6,standalone,ABE0,6,ABE0,6,5,0x20,xbank
ED8C,7,secondary,E449,7,E449,7,1,0x02,ptr_scan
8086,1,standalone,8086,1,8086,1,1,0x20,xbank
8086,2,standalone,8086,2,8086,2,1,0x20,xbank
8086,3,standalone,8086,3,8086,3,1,0x20,xbank
8086,4,standalone,8086,4,8086,4,1,0x20,xbank
8086,5,standalone,8086,5,8086,5,1,0x20,xbank
8086,6,standalone,8086,6,8086,6,1,0x20,xbank
9881,0,standalone,9881,0,9881,0,2,0x24,table_run|xbank
9881,1,standalone,9881,1,9881,1,1,0x20,xbank
9881,2,standalone,9881,2,9881,2,1,0x20,xbank
9881,3,standalone,9881,3,9881,3,1,0x20,xbank
9881,4,standalone,9881,4,9881,4,1,0x20,xbank
9881,5,standalone,9881,5,9881,5,1,0x20,xbank
9881,6,standalone,9881,6,9881,6,1,0x20,xbank
E32E,7,standalone,E32E,7,E32E,7,1,0x02,ptr_scan
854C,0,standalone,854C,0,854C,0,1,0x20,xbank
854C,1,standalone,854C,1,854C,1,1,0x20,xbank
854C,2,standalone,854C,2,854C,2,1,0x20,xbank
854C,3,standalone,854C,3,854C,3,1,0x20,xbank
854C,4,standalone,854C,4,854C,4,1,0x20,xbank
854C,5,standalone,854C,5,854C,5,1,0x20,xbank
854C,6,standalone,854C,6,854C,6,1,0x20,xbank
89A5,1,standalone,89A5,1,89A5,1,1,0x20,xbank
89A5,2,standalone,89A5,2,89A5,2,1,0x20,xbank
89A5,3,standalone,89A5,3,89A5,3,1,0x20,xbank
89A5,4,standalone,89A5,4,89A5,4,1,0x20,xbank
89A5,5,standalone,89A5,5,89A5,5,1,0x20,xbank
89A5,6,standalone,89A5,6,89A5,6,1,0x20,xbank
AD60,0,standalone,AD60,0,AD60,0,1,0x20,xbank
AD60,1,standalone,AD60,1,AD60,1,1,0x20,xbank
AD60,2,standalone,AD60,2,AD60,2,1,0x20,xbank
AD60,3,standalone,AD60,3,AD60,3,1,0x20,xbank
AD60,4,standalone,AD60,4,AD60,4,1,0x20,xbank
AD60,5,standalone,AD60,5,AD60,5,1,0x20,xbank
AD60,6,standalone,AD60,6,AD60,6,1,0x20,xbank
DB75,7,standalone,DB75,7,DB75,7,1,0x02,ptr_scan
D944,7,secondary,CF8A,7,CF8A,7,1,0x02,ptr_scan
AC14,0,standalone,AC14,0,AC14,0,1,0x20,xbank
DB07,7,standalone,DB07,7,DB07,7,1,0x02,ptr_scan
A9A4,0,standalone,A9A4,0,A9A4,0,1,0x04,table_run
8502,0,standalone,8502,0,8502,0,1,0x04,table_run
A9A5,0,standalone,A9A5,0,A9A5,0,1,0x04,table_run
850D,0,standalone,850D,0,850D,0,1,0x04,table_run
88A9,0,standalone,88A9,0,88A9,0,1,0x04,table_run
AC8D,0,standalone,AC8D,0,AC8D,0,1,0x04,table_run
A902,0,standalone,A902,0,A902,0,1,0x04,table_run
8D28,0,standalone,8D28,0,8D28,0,1,0x04,table_run
8511,0,standalone,8511,0,8511,0,1,0x04,table_run
8584,0,standalone,8584,0,8584,0,1,0x04,table_run
A984,0,standalone,A984,0,A984,0,1,0x04,table_run
8523,0,standalone,8523,0,8523,0,1,0x04,table_run
8500,0,standalone,8500,0,8500,0,1,0x04,table_run
85A3,0,standalone,85A3,0,85A3,0,1,0x04,table_run
9000,0,standalone,9000,0,9000,0,1,0x04,table_run
9998,0,standalone,9998,0,9998,0,1,0x04,table_run
9B9A,0,standalone,9B9A,0,9B9A,0,1,0x04,table_run
9D9C,0,standalone,9D9C,0,9D9C,0,1,0x04,table_run
A985,0,standalone,A985,0,A985,0,1,0x04,table_run
8505,0,standalone,8505,0,8505,0,1,0x04,table_run
A986,0,standalone,A986,0,A986,0,1,0x04,table_run
8506,0,standalone,8506,0,8506,0,1,0x04,table_run
8504,0,standalone,8504,0,8504,0,1,0x04,table_run
858E,0,standalone,858E,0,858E,0,1,0x04,table_run
8520,0,standalone,8520,0,8520,0,1,0x04,table_run
85C2,0,standalone,85C2,0,85C2,0,1,0x04,table_run
A976,0,standalone,A976,0,A976,0,1,0x04,table_run
8590,0,standalone,8590,0,8590,0,1,0x04,table_run
8560,0,standalone,8560,0,8560,0,1,0x04,table_run
850E,0,standalone,850E,0,850E,0,1,0x04,table_run
988D,0,standalone,988D,0,988D,0,1,0x04,table_run
8510,0,standalone,8510,0,8510,0,1,0x04,table_run
A9A3,0,standalone,A9A3,0,A9A3,0,1,0x04,table_run
8501,0,standalone,8501,0,8501,0,1,0x04,table_run
A9C7,0,standalone,A9C7,0,A9C7,0,1,0x04,table_run
A9C9,0,standalone,A9C9,0,A9C9,0,1,0x04,table_run
A9B4,0,standalone,A9B4,0,A9B4,0,1,0x04,table_run
8507,0,standalone,8507,0,8507,0,1,0x04,table_run
8485,0,standalone,8485,0,8485,0,1,0x04,table_run
B020,0,standalone,B020,0,B020,0,1,0x04,table_run
8577,0,standalone,8577,0,8577,0,1,0x04,table_run
858B,0,standalone,858B,0,858B,0,1,0x04,table_run
8595,0,standalone,8595,0,8595,0,1,0x04,table_run
A9B7,0,standalone,A9B7,0,A9B7,0,1,0x04,table_run
8596,0,standalone,8596,0,8596,0,1,0x04,table_run
A910,0,standalone,A910,0,A910,0,1,0x04,table_run
8597,0,standalone,8597,0,8597,0,1,0x04,table_run
A9B8,0,standalone,A9B8,0,A9B8,0,1,0x04,table_run
8D00,0,standalone,8D00,0,8D00,0,1,0x04,table_run
A994,0,standalone,A994,0,A994,0,1,0x04,table_run
8561,0,standalone,8561,0,8561,0,1,0x04,table_run
85B5,0,standalone,85B5,0,85B5,0,1,0x04,table_run
8529,0,standalone,8529,0,8529,0,1,0x04,table_run
8513,0,standalone,8513,0,8513,0,1,0x04,table_run
8516,0,standalone,8516,0,8516,0,1,0x04,table_run
A997,0,standalone,A997,0,A997,0,1,0x04,table_run
8503,0,standalone,8503,0,8503,0,1,0x04,table_run
A995,0,standalone,A995,0,A995,0,1,0x04,table_run
85C8,0,standalone,85C8,0,85C8,0,1,0x04,table_run
85A8,0,standalone,85A8,0,85A8,0,1,0x04,table_run
8528,0,standalone,8528,0,8528,0,1,0x04,table_run
AAAA,0,standalone,AAAA,0,AAAA,0,1,0x04,table_run
AEA9,0,standalone,AEA9,0,AEA9,0,1,0x04,table_run
A9A7,0,standalone,A9A7,0,A9A7,0,1,0x04,table_run
98A9,0,standalone,98A9,0,98A9,0,1,0x04,table_run
859D,0,standalone,859D,0,859D,0,1,0x04,table_run
8598,0,standalone,8598,0,8598,0,1,0x04,table_run
8592,0,standalone,8592,0,8592,0,1,0x04,table_run
A9AF,0,standalone,A9AF,0,A9AF,0,1,0x04,table_run
A9B5,0,standalone,A9B5,0,A9B5,0,1,0x04,table_run
A977,0,standalone,A977,0,A977,0,1,0x04,table_run
8D20,0,standalone,8D20,0,8D20,0,1,0x04,table_run
A980,0,standalone,A980,0,A980,0,1,0x04,table_run
8D32,0,standalone,8D32,0,8D32,0,1,0x04,table_run
A9C8,0,standalone,A9C8,0,A9C8,0,1,0x04,table_run
8533,0,standalone,8533,0,8533,0,1,0x04,table_run
850A,0,standalone,850A,0,850A,0,1,0x04,table_run
85EB,0,standalone,85EB,0,85EB,0,1,0x04,table_run
85F0,0,standalone,85F0,0,85F0,0,1,0x04,table_run
A3A9,0,standalone,A3A9,0,A3A9,0,1,0x04,table_run
8563,0,standalone,8563,0,8563,0,1,0x04,table_run
8568,0,standalone,8568,0,8568,0,1,0x04,table_run
856D,0,standalone,856D,0,856D,0,1,0x04,table_run
8557,0,standalone,8557,0,8557,0,1,0x04,table_run
85A2,0,standalone,85A2,0,85A2,0,1,0x04,table_run
85A4,0,standalone,85A4,0,85A4,0,1,0x04,table_run
8985,0,standalone,8985,0,8985,0,1,0x04,table_run
8906,0,standalone,8906,0,8906,0,1,0x04,table_run
8A26,0,standalone,8A26,0,8A26,0,1,0x04,table_run
8AA5,0,standalone,8AA5,0,8AA5,0,1,0x04,table_run
8AE6,0,standalone,8AE6,0,8AE6,0,1,0x04,table_run
9085,0,standalone,9085,0,9085,0,1,0x04,table_run
A97F,0,standalone,A97F,0,A97F,0,1,0x04,table_run
8536,0,standalone,8536,0,8536,0,1,0x04,table_run
A98D,0,standalone,A98D,0,A98D,0,1,0x04,table_run
A9AD,0,standalone,A9AD,0,A9AD,0,1,0x04,table_run
859F,0,standalone,859F,0,859F,0,1,0x04,table_run
85AD,0,standalone,85AD,0,85AD,0,1,0x04,table_run
85A5,0,standalone,85A5,0,85A5,0,1,0x04,table_run
A92A,0,standalone,A92A,0,A92A,0,1,0x04,table_run
85AB,0,standalone,85AB,0,85AB,0,1,0x04,table_run
898A,0,standalone,898A,0,898A,0,1,0x04,table_run
8B8A,0,standalone,8B8A,0,8B8A,0,1,0x04,table_run
8B8C,0,standalone,8B8C,0,8B8C,0,1,0x04,table_run
9E8C,0,standalone,9E8C,0,9E8C,0,1,0x04,table_run
899F,0,standalone,899F,0,899F,0,1,0x04,table_run
AE8A,0,standalone,AE8A,0,AE8A,0,1,0x04,table_run
8BAF,0,standalone,8BAF,0,8BAF,0,1,0x04,table_run
9E9F,0,standalone,9E9F,0,9E9F,0,1,0x04,table_run
AFAE,0,standalone,AFAE,0,AFAE,0,1,0x04,table_run
8C8B,0,standalone,8C8B,0,8C8B,0,1,0x04,table_run
9F9E,0,standalone,9F9E,0,9F9E,0,1,0x04,table_run
856A,0,standalone,856A,0,856A,0,1,0x04,table_run
8540,0,standalone,8540,0,8540,0,1,0x04,table_run
A9F6,0,standalone,A9F6,0,A9F6,0,1,0x04,table_run
A938,0,standalone,A938,0,A938,0,1,0x04,table_run
8508,0,standalone,8508,0,8508,0,1,0x04,table_run
A9B0,0,standalone,A9B0,0,A9B0,0,1,0x04,table_run
8D92,0,standalone,8D92,0,8D92,0,1,0x04,table_run
994C,0,standalone,994C,0,994C,0,1,0x04,table_run
85AA,0,standalone,85AA,0,85AA,0,1,0x04,table_run
A9CF,0,standalone,A9CF,0,A9CF,0,1,0x04,table_run
85D7,0,standalone,85D7,0,85D7,0,1,0x04,table_run
85B0,0,standalone,85B0,0,85B0,0,1,0x04,table_run
85CE,0,standalone,85CE,0,85CE,0,1,0x04,table_run
85E0,0,standalone,85E0,0,85E0,0,1,0x04,table_run
852C,0,standalone,852C,0,852C,0,1,0x04,table_run
8527,0,standalone,8527,0,8527,0,1,0x04,table_run
8531,0,standalone,8531,0,8531,0,1,0x04,table_run
B6D0,0,standalone,B6D0,0,B6D0,0,1,0x04,table_run
B6B6,0,standalone,B6B6,0,B6B6,0,1,0x04,table_run
B613,0,standalone,B613,0,B613,0,1,0x04,table_run
A940,0,standalone,A940,0,A940,0,1,0x04,table_run
851F,0,standalone,851F,0,851F,0,1,0x04,table_run
A975,0,standalone,A975,0,A975,0,1,0x04,table_run
A9CE,0,standalone,A9CE,0,A9CE,0,1,0x04,table_run
A560,0,standalone,A560,0,A560,0,1,0x04,table_run
8D75,0,standalone,8D75,0,8D75,0,1,0x04,table_run
8D4A,0,standalone,8D4A,0,8D4A,0,1,0x04,table_run
8D77,0,standalone,8D77,0,8D77,0,1,0x04,table_run
8A4C,0,standalone,8A4C,0,8A4C,0,1,0x04,table_run
A9B9,0,standalone,A9B9,0,A9B9,0,1,0x04,table_run
A9D8,0,standalone,A9D8,0,A9D8,0,1,0x04,table_run
8512,0,standalone,8512,0,8512,0,1,0x04,table_run
8514,0,standalone,8514,0,8514,0,1,0x04,table_run
AE8D,0,standalone,AE8D,0,AE8D,0,1,0x04,table_run
8DC0,0,standalone,8DC0,0,8DC0,0,1,0x04,table_run
A998,0,standalone,A998,0,A998,0,1,0x04,table_run
A912,0,standalone,A912,0,A912,0,1,0x04,table_run
A981,0,standalone,A981,0,A981,0,1,0x04,table_run
A284,1,standalone,A284,1,A284,1,1,0x04,table_run
A28E,1,standalone,A28E,1,A28E,1,1,0x04,table_run
A299,1,standalone,A299,1,A299,1,1,0x04,table_run
A2A5,1,standalone,A2A5,1,A2A5,1,1,0x04,table_run
A340,1,standalone,A340,1,A340,1,1,0x04,table_run
A2D3,1,standalone,A2D3,1,A2D3,1,1,0x04,table_run
A2D6,1,standalone,A2D6,1,A2D6,1,1,0x04,table_run
A310,1,standalone,A310,1,A310,1,1,0x04,table_run
A316,1,standalone,A316,1,A316,1,1,0x04,table_run
8FFF,0,standalone,8FFF,0,8FFF,0,4,0x04,table_run
8472,0,standalone,8472,0,8472,0,1,0x04,table_run
B01B,0,standalone,B01B,0,B01B,0,1,0x04,table_run
B4D0,0,standalone,B4D0,0,B4D0,0,3,0x04,table_run
B048,0,standalone,B048,0,B048,0,3,0x04,table_run
AF93,0,standalone,AF93,0,AF93,0,5,0x04,table_run
B20C,0,standalone,B20C,0,B20C,0,3,0x04,table_run
8980,0,standalone,8980,0,8980,0,2,0x04,table_run
88FB,0,standalone,88FB,0,88FB,0,1,0x04,table_run
899E,0,standalone,899E,0,899E,0,1,0x04,table_run
AEE1,0,standalone,AEE1,0,AEE1,0,2,0x04,table_run
AF34,0,standalone,AF34,0,AF34,0,2,0x04,table_run
AED2,0,standalone,AED2,0,AED2,0,2,0x04,table_run
B6AF,0,standalone,B6AF,0,B6AF,0,2,0x04,table_run
BA5D,0,standalone,BA5D,0,BA5D,0,2,0x04,table_run
B61C,0,standalone,B61C,0,B61C,0,1,0x04,table_run
AFC6,0,standalone,AFC6,0,AFC6,0,1,0x04,table_run
B4DC,0,standalone,B4DC,0,B4DC,0,1,0x04,table_run
A87D,0,standalone,A87D,0,A87D,0,1,0x04,table_run
A42E,0,standalone,A42E,0,A42E,0,1,0x04,table_run
B9FA,0,standalone,B9FA,0,B9FA,0,1,0x04,table_run
B5D1,0,standalone,B5D1,0,B5D1,0,3,0x04,table_run
8FD4,0,standalone,8FD4,0,8FD4,0,1,0x04,table_run
8415,0,standalone,8415,0,8415,0,1,0x04,table_run
B058,0,standalone,B058,0,B058,0,1,0x04,table_run
B197,0,standalone,B197,0,B197,0,2,0x04,table_run
B1DA,0,standalone,B1DA,0,B1DA,0,1,0x04,table_run
B070,0,standalone,B070,0,B070,0,1,0x04,table_run
B064,0,standalone,B064,0,B064,0,1,0x04,table_run
B1AE,0,standalone,B1AE,0,B1AE,0,1,0x04,table_run
B0FD,0,standalone,B0FD,0,B0FD,0,1,0x04,table_run
B52B,0,standalone,B52B,0,B52B,0,1,0x04,table_run
B099,0,standalone,B099,0,B099,0,1,0x04,table_run
B0C2,0,standalone,B0C2,0,B0C2,0,2,0x04,table_run
B13C,0,standalone,B13C,0,B13C,0,1,0x04,table_run
B15A,0,standalone,B15A,0,B15A,0,2,0x04,table_run
